# File generated by ImageToStl.com - Free Image and 3D model conversion tools

mtllib aug.mtl

o obj1
v -0.43841356 -0.08279287 0.00095978
v -0.86251307 0.04030955 0.00231919
v -0.73744303 -0.03789717 0.00169127
v -0.82849288 -0.08817924 0.00156748
v -0.98821604 -0.0385097 0.00209741
v 0.47655123 0.05879901 0.00023293
v -1.16259968 -0.04207287 0.00236285
v -1.42197073 0.03258466 0.00319098
v 0.47586036 0.11392785 0.03243968
v -0.86320382 0.09543839 0.03452623
v -0.08886805 -0.17797905 -0.00012683
v 0.19910705 -0.37010276 -0.00163785
v 0.42193046 -0.36702615 -0.00198516
v 0.42060608 -0.40894875 -0.00221001
v 0.41542718 -0.45020059 -0.00242508
v 0.16022326 -0.45372453 -0.0020275
v 0.15968776 -0.41255143 -0.00180361
v -0.40969726 -0.16684878 0.00045732
v -0.10605763 -0.24501723 -0.00046188
v 0.3942121 0.23074821 -0.06202166
v -0.86481458 0.21336378 -0.06005983
v -1.20145619 -0.0854694 0.0021911
v -1.35262394 -0.04585169 0.00265269
v -1.26552987 -0.13653411 0.00201927
v -1.42093182 -0.04733458 0.00275616
v -1.2008189 -0.1344855 0.00192453
v -1.1041131 -0.38402995 0.00041465
v -1.03464544 -0.38149282 0.00031488
v -1.01699042 -0.42626858 4.347E-05
v -0.9346227 -0.37901983 0.00016501
v -0.73402071 -0.42236143 -0.00039736
v -0.89737636 -0.33564144 0.00033927
v -0.73471296 -0.3691155 -0.00010781
v -0.82166415 -0.12871793 0.00133665
v -0.98701346 -0.13100109 0.00159429
v -0.82871002 -0.08741414 -0.25273055
v -0.82849288 -0.08817924 0.00156748
v -0.82166415 -0.12871793 0.00133665
v -0.82188141 -0.12795296 -0.25296122
v -0.73471296 -0.3691155 -0.00010781
v -0.73493016 -0.36835045 -0.25440586
v -0.73402071 -0.42236143 -0.00039736
v -0.73423791 -0.42159632 -0.25469539
v -1.20145619 -0.0854694 0.0021911
v -1.20167327 -0.08470485 -0.25210679
v -1.16281688 -0.04130767 -0.25193518
v -1.16259968 -0.04207287 0.00236285
v -1.2008189 -0.1344855 0.00192453
v -1.20103598 -0.13372041 -0.25237352
v -1.03464544 -0.38149282 0.00031488
v -1.03486264 -0.38072786 -0.25398302
v -0.86481458 0.21336378 -0.06005983
v 0.3942121 0.23074821 -0.06202166
v -0.86492324 0.21374626 -0.18722539
v 0.39410332 0.23113072 -0.18918705
v -0.9346227 -0.37901983 0.00016501
v -1.03486264 -0.38072786 -0.25398302
v -1.03464544 -0.38149282 0.00031488
v -0.9348399 -0.37825486 -0.25413316
v -1.1043303 -0.38326481 -0.25388336
v -1.1041131 -0.38402995 0.00041465
v -1.25274575 -0.15520035 -0.25240543
v -1.26552987 -0.13653411 0.00201927
v -1.26574814 -0.13576932 -0.25227889
v -1.35262394 -0.04585169 0.00265269
v -1.35284102 -0.0450867 -0.25164533
v -0.89737636 -0.33564144 0.00033927
v -0.9348399 -0.37825486 -0.25413316
v -0.9346227 -0.37901983 0.00016501
v -0.8975935 -0.33487645 -0.25395888
v -0.98701346 -0.13100109 0.00159429
v -0.98723054 -0.1302361 -0.25270373
v -0.98821604 -0.0385097 0.00209741
v -0.98843312 -0.03774472 -0.2522006
v 0.15947077 -0.41178647 -0.25610152
v 0.19910705 -0.37010276 -0.00163785
v 0.19888988 -0.36933774 -0.25593603
v 0.15968776 -0.41255143 -0.00180361
v 0.16000603 -0.45295954 -0.25632542
v 0.16022326 -0.45372453 -0.0020275
v 0.16000603 -0.45295954 -0.25632542
v 0.41520995 -0.44943568 -0.25672323
v 0.41542718 -0.45020059 -0.00242508
v 0.16022326 -0.45372453 -0.0020275
v -1.1041131 -0.38402995 0.00041465
v -1.1043303 -0.38326481 -0.25388336
v -1.01720762 -0.42550367 -0.25425443
v -1.01699042 -0.42626858 4.347E-05
v -0.73423791 -0.42159632 -0.25469539
v -0.73402071 -0.42236143 -0.00039736
v -0.40991437 -0.16608378 -0.25384057
v -0.10627474 -0.24425223 -0.25475991
v -0.40969726 -0.16684878 0.00045732
v -0.10605763 -0.24501723 -0.00046188
v -0.08908517 -0.17721406 -0.25442484
v 0.19888988 -0.36933774 -0.25593603
v -0.08886805 -0.17797905 -0.00012683
v 0.19910705 -0.37010276 -0.00163785
v 0.39410332 0.23113072 -0.18918705
v -0.86347508 0.0963935 -0.28309125
v -0.86492324 0.21374626 -0.18722539
v 0.47558916 0.11488317 -0.28517747
v -0.86273021 0.04107455 -0.25197881
v 0.47633412 0.05956422 -0.25406522
v -0.43863073 -0.08202789 -0.25333843
v -0.08908517 -0.17721406 -0.25442484
v 0.19888988 -0.36933774 -0.25593603
v 0.42171335 -0.36626101 -0.25628304
v 0.42038909 -0.40818366 -0.25650817
v 0.41520995 -0.44943568 -0.25672323
v 0.16000603 -0.45295954 -0.25632542
v 0.15947077 -0.41178647 -0.25610152
v -0.40991437 -0.16608378 -0.25384057
v -0.10627474 -0.24425223 -0.25475991
v -0.73766023 -0.03713218 -0.25260681
v -0.82871002 -0.08741414 -0.25273055
v -0.98843312 -0.03774472 -0.2522006
v -0.98723054 -0.1302361 -0.25270373
v -0.82188141 -0.12795296 -0.25296122
v -0.8975935 -0.33487645 -0.25395888
v -0.73493016 -0.36835045 -0.25440586
v -0.73423791 -0.42159632 -0.25469539
v -0.9348399 -0.37825486 -0.25413316
v -1.01720762 -0.42550367 -0.25425443
v -1.03486264 -0.38072786 -0.25398302
v -1.1043303 -0.38326481 -0.25388336
v -1.20103598 -0.13372041 -0.25237352
v -1.25274575 -0.15520035 -0.25240543
v -1.26574814 -0.13576932 -0.25227889
v -1.20167327 -0.08470485 -0.25210679
v -1.35284102 -0.0450867 -0.25164533
v -1.16281688 -0.04130767 -0.25193518
v -1.42218804 0.03334965 -0.25110719
v -1.42114925 -0.0465694 -0.25154185
v -0.40991437 -0.16608378 -0.25384057
v -0.43841356 -0.08279287 0.00095978
v -0.43863073 -0.08202789 -0.25333843
v -0.40969726 -0.16684878 0.00045732
v -0.82849288 -0.08817924 0.00156748
v -0.82871002 -0.08741414 -0.25273055
v -0.73766023 -0.03713218 -0.25260681
v -0.73744303 -0.03789717 0.00169127
v -0.43863073 -0.08202789 -0.25333843
v -0.43841356 -0.08279287 0.00095978
v -1.16281688 -0.04130767 -0.25193518
v -0.98843312 -0.03774472 -0.2522006
v -1.16259968 -0.04207287 0.00236285
v -0.98821604 -0.0385097 0.00209741
v -0.10605763 -0.24501723 -0.00046188
v -0.10627474 -0.24425223 -0.25475991
v -0.08908517 -0.17721406 -0.25442484
v -0.08886805 -0.17797905 -0.00012683
v -1.43585253 -0.25199121 -0.05162128
v -1.39120114 -0.10777184 -0.09234222
v -1.4114933 -0.08496787 -0.05075615
v -1.51070714 -0.08633799 -0.05060164
v -1.40571451 -0.25145006 -0.09309683
v -1.405756 -0.25130349 -0.14181353
v -1.39124286 -0.10762537 -0.14105877
v -1.41553473 -0.34976026 -0.05218417
v -1.38541031 -0.3492192 -0.09365972
v -1.41423798 -0.4477928 -0.05271738
v -1.38413572 -0.44725212 -0.094193
v -1.38545203 -0.34907252 -0.14237642
v -1.50586939 -0.449058 -0.05257469
v -1.41308451 -0.53602225 -0.05319733
v -1.53322172 -0.53768092 -0.05301015
v -1.53636932 -0.44935411 -0.09395581
v -1.51672387 -0.35115758 -0.05202647
v -1.50852489 -0.25299472 -0.05150789
v -1.53891861 -0.25328931 -0.09288925
v -1.54715848 -0.35145262 -0.09340779
v -1.5472002 -0.35130599 -0.14212435
v -1.53641117 -0.44920754 -0.14267251
v -1.51683605 -0.35076162 -0.18360168
v -1.50598168 -0.44866219 -0.18414976
v -1.53333402 -0.53728509 -0.18458518
v -1.56376565 -0.53797758 -0.0943911
v -1.56380725 -0.53783101 -0.14310795
v -1.41319692 -0.53562629 -0.18477242
v -1.41435027 -0.4473969 -0.18429255
v -1.38417721 -0.44710556 -0.14290971
v -1.38303018 -0.53533489 -0.14338945
v -1.38298869 -0.53548145 -0.09467275
v -1.41564679 -0.34936458 -0.18375921
v -1.43596494 -0.25159541 -0.18319634
v -1.51081967 -0.08594219 -0.18217652
v -1.41160583 -0.08457212 -0.18233119
v -1.50863695 -0.25259885 -0.18308313
v -1.53896022 -0.25314271 -0.14160594
v -1.54112685 -0.08648569 -0.14069936
v -1.54108536 -0.08663227 -0.0919828
v -1.41308451 -0.53602225 -0.05319733
v -1.53322172 -0.53768092 -0.05301015
v -1.41319692 -0.53562629 -0.18477242
v -1.53333402 -0.53728509 -0.18458518
v -1.56380725 -0.53783101 -0.14310795
v -1.56376565 -0.53797758 -0.0943911
v -1.38303018 -0.53533489 -0.14338945
v -1.38298869 -0.53548145 -0.09467275
v -1.51070714 -0.08633799 -0.05060164
v -1.4114933 -0.08496787 -0.05075615
v -1.51081967 -0.08594219 -0.18217652
v -1.54108536 -0.08663227 -0.0919828
v -1.54112685 -0.08648569 -0.14069936
v -1.41160583 -0.08457212 -0.18233119
v -1.39124286 -0.10762537 -0.14105877
v -1.39120114 -0.10777184 -0.09234222
vn 0.00163 -0.00542 0.99998
vn 0.00398 -0.17706 0.98419
vn 0.00163 -0.00542 0.99998
vn 0.00163 -0.00542 0.99998
vn 0.00163 -0.00542 0.99998
vn 0.00532 -0.2767 0.96094
vn 0.00163 -0.00542 0.99998
vn 0.00163 -0.00542 0.99998
vn 0.00227 -0.05146 0.99867
vn 0.00051 0.0754 0.99715
vn 0.00163 -0.00542 0.99998
vn 0.00163 -0.00542 0.99998
vn 0.00163 -0.00542 0.99998
vn 0.00163 -0.00542 0.99998
vn 0.00163 -0.00542 0.99998
vn 0.00163 -0.00542 0.99998
vn 0.00163 -0.00542 0.99998
vn 0.00164 -0.00508 0.99999
vn 0.00163 -0.00542 0.99998
vn -0.0074 0.6268 0.77914
vn -0.00745 0.6268 0.77914
vn 0.00163 -0.00542 0.99998
vn 0.00163 -0.00542 0.99998
vn 0.00163 -0.00542 0.99998
vn 0.00163 -0.00542 0.99998
vn 0.00164 -0.00542 0.99998
vn 0.00163 -0.00542 0.99998
vn 0.00163 -0.00542 0.99998
vn 0.00163 -0.00542 0.99998
vn 0.00163 -0.00542 0.99998
vn 0.00163 -0.00542 0.99998
vn 0.00163 -0.00542 0.99998
vn 0.00163 -0.00542 0.99998
vn 0.00163 -0.00542 0.99998
vn 0.00163 -0.00542 0.99998
vn 0.89649 -0.44304 -0.00356
vn 0.89649 -0.44304 -0.00357
vn 0.96632 0.25734 -4E-05
vn 0.96627 0.25754 -4E-05
vn 0.9834 0.18145 -0.00029
vn 0.98346 0.18115 -0.00029
vn 0.99992 0.013 -0.00081
vn 0.99992 0.013 -0.00081
vn 0.93622 -0.3514 -0.00186
vn 0.93654 -0.35055 -0.00185
vn 0.42843 -0.90357 -0.00358
vn 0.42842 -0.90357 -0.00358
vn 0.9547 0.29757 8E-05
vn 0.95443 0.29845 8E-05
vn 0.46657 0.88448 0.00341
vn 0.46657 0.88448 0.00341
vn -0.0138 0.9999 0.00302
vn -0.0138 0.9999 0.00302
vn -0.0138 0.9999 0.00302
vn -0.0138 0.9999 0.00302
vn -0.42164 0.90675 0.00337
vn 0.45358 0.89121 0.00195
vn 0.45358 0.89121 0.00195
vn -0.42164 0.90675 0.00338
vn -0.66282 -0.74878 -0.00189
vn -0.66282 -0.74877 -0.00184
vn -0.83819 -0.54537 -0.00072
vn -0.78255 -0.62259 -0.00171
vn -0.78235 -0.62284 -0.00119
vn -0.72011 -0.69386 -0.00149
vn -0.72025 -0.69372 -0.00148
vn -0.98877 0.14944 0.0013
vn -0.43488 0.90048 0.00361
vn -0.43488 0.90048 0.00361
vn -0.98852 0.15105 0.00131
vn -0.97721 -0.21229 0.00019
vn -0.97715 -0.21254 0.00019
vn -0.99992 -0.01301 0.00081
vn -0.99992 -0.01301 0.00081
vn -0.93393 0.35745 0.00187
vn -0.73417 0.67896 0.00266
vn -0.73424 0.67888 0.00267
vn -0.93349 0.35859 0.00187
vn -0.99992 -0.013 0.00081
vn -0.99992 -0.01301 0.00082
vn 0.0138 -0.9999 -0.00302
vn 0.66469 -0.74711 -0.00295
vn 0.66469 -0.74711 -0.00301
vn 0.0138 -0.9999 -0.00302
vn -0.66085 -0.75052 -0.00155
vn -0.66085 -0.75051 -0.00156
vn -0.21266 -0.97712 -0.00276
vn -0.21302 -0.97704 -0.00276
vn 0.0138 -0.9999 -0.00302
vn 0.0138 -0.9999 -0.00302
vn -0.24579 -0.96932 -0.00271
vn -0.24583 -0.96931 -0.0027
vn -0.24588 -0.9693 -0.0027
vn -0.24574 -0.96933 -0.00271
vn -0.55151 -0.83416 -0.00205
vn -0.55127 -0.83432 -0.00204
vn -0.55131 -0.8343 -0.00204
vn -0.55127 -0.83432 -0.00204
vn -0.00992 0.63395 -0.77331
vn -0.00274 0.08592 -0.9963
vn -0.00996 0.63369 -0.77352
vn -0.00098 -0.04248 -0.9991
vn 0.00074 -0.16559 -0.98619
vn 0.00219 -0.26676 -0.96376
vn -0.00163 0.00542 -0.99998
vn -0.00163 0.00542 -0.99998
vn -0.00163 0.00542 -0.99998
vn -0.00163 0.00542 -0.99998
vn -0.00163 0.00542 -0.99998
vn -0.00163 0.00542 -0.99998
vn -0.00163 0.00542 -0.99998
vn -0.00163 0.00542 -0.99998
vn -0.00163 0.00542 -0.99998
vn -0.00163 0.00542 -0.99998
vn -0.00163 0.00542 -0.99998
vn -0.00163 0.00542 -0.99998
vn -0.00163 0.00542 -0.99998
vn -0.00163 0.00542 -0.99998
vn -0.00163 0.00542 -0.99998
vn -0.00163 0.00542 -0.99998
vn -0.00163 0.00542 -0.99998
vn -0.00163 0.00542 -0.99998
vn -0.00163 0.00542 -0.99998
vn -0.00163 0.00542 -0.99998
vn -0.00163 0.00542 -0.99998
vn -0.00163 0.00542 -0.99998
vn -0.00163 0.00542 -0.99998
vn -0.00163 0.00542 -0.99998
vn -0.00163 0.00542 -0.99998
vn -0.00163 0.00542 -0.99998
vn -0.00163 0.00542 -0.99998
vn -0.00163 0.00542 -0.99998
vn -0.00163 0.00542 -0.99998
vn -0.00163 0.00542 -0.99998
vn -0.94499 -0.3271 -0.00018
vn -0.94498 -0.32714 -0.00019
vn -0.94496 -0.32719 -0.00019
vn -0.94493 -0.32728 -0.00018
vn 0.9043 -0.4269 -0.00177
vn 0.90436 -0.42677 -0.00177
vn 0.17552 -0.98447 -0.00311
vn 0.1756 -0.98446 -0.00311
vn -0.14848 -0.98891 -0.00285
vn -0.14848 -0.98891 -0.00285
vn 0.41509 -0.90977 -0.00338
vn 0.02177 -0.99976 -0.00303
vn 0.41509 -0.90977 -0.00338
vn 0.02133 -0.99977 -0.00303
vn 0.96866 -0.24837 -0.00157
vn 0.96866 -0.24837 -0.00157
vn 0.96866 -0.24837 -0.00157
vn 0.96866 -0.24837 -0.00157
vn 0.42562 0.00997 0.90485
vn 0.94212 -0.11001 0.3167
vn 0.43124 -0.0599 0.90024
vn -0.45052 -0.01072 0.8927
vn 0.95207 0.04248 0.30292
vn 0.95132 0.04451 -0.30498
vn 0.94187 -0.1067 -0.31859
vn 0.47428 0.04877 0.87902
vn 0.94781 0.10062 0.30253
vn 0.45489 0.0011 0.89055
vn 0.95119 0.0107 0.30842
vn 0.94709 0.10387 -0.30371
vn -0.40041 0.03 0.91585
vn 0.45503 0.00108 0.89047
vn -0.51134 0.15384 0.8455
vn -0.9416 0.092 0.32392
vn -0.47219 -0.01094 0.88143
vn -0.43975 0.01023 0.89806
vn -0.94867 0.03219 0.31464
vn -0.95171 -0.01403 0.30667
vn -0.95234 -0.01077 -0.30485
vn -0.94209 0.09549 -0.32147
vn -0.47463 -0.00151 -0.88018
vn -0.40286 0.04005 -0.91438
vn -0.51274 0.16257 -0.84301
vn -0.91658 0.28195 0.28351
vn -0.91662 0.28474 -0.28059
vn 0.452 0.01074 -0.89195
vn 0.45242 0.01076 -0.89174
vn 0.95057 0.01406 -0.3102
vn 0.95042 0.01405 -0.31064
vn 0.95133 0.01069 0.30799
vn 0.47172 0.05821 -0.87982
vn 0.42316 0.02016 -0.90583
vn -0.45357 -0.00106 -0.89122
vn 0.42962 -0.05035 -0.90161
vn -0.44219 0.01999 -0.8967
vn -0.94924 0.03559 -0.31253
vn -0.95082 -0.01068 -0.30957
vn -0.9499 -0.01405 0.31223
vn 0.0138 -0.9999 -0.00302
vn 0.0138 -0.9999 -0.00302
vn 0.0138 -0.9999 -0.00302
vn 0.0138 -0.9999 -0.00302
vn 0.0138 -0.9999 -0.00302
vn 0.0138 -0.9999 -0.00302
vn 0.0138 -0.9999 -0.00302
vn 0.01381 -0.9999 -0.00302
vn -0.0138 0.9999 0.00302
vn 0.22215 0.97501 0.00274
vn -0.0138 0.9999 0.00302
vn -0.0138 0.9999 0.00302
vn -0.0138 0.9999 0.00302
vn 0.22281 0.97486 0.00274
vn 0.74828 0.66339 0.00136
vn 0.74827 0.66339 0.00135
vt 36.0432 -2.97273
vt 35.899 -2.93002
vt 35.9413 -2.95649
vt 35.91 -2.97273
vt 35.8558 -2.95555
vt 36.356 -2.93002
vt 35.7963 -2.95593
vt 35.7081 -2.93002
vt 36.356 -2.91174
vt 35.899 -2.91174
vt 36.162 -3.00585
vt 36.2594 -3.07078
vt 36.3354 -3.07078
vt 36.3348 -3.08466
vt 36.3328 -3.09829
vt 36.2458 -3.09829
vt 36.2458 -3.08466
vt 36.0526 -3.00069
vt 36.1558 -3.02797
vt 36.3287 -2.87277
vt 35.899 -2.87277
vt 35.7828 -2.97012
vt 35.7314 -2.95632
vt 35.7607 -2.98674
vt 35.7081 -2.95649
vt 35.7828 -2.98636
vt 35.8147 -3.06943
vt 35.8384 -3.06891
vt 35.8442 -3.08382
vt 35.8725 -3.06855
vt 35.9408 -3.08382
vt 35.8855 -3.05436
vt 35.9408 -3.06618
vt 35.9122 -2.98618
vt 35.8558 -2.98618
vt 36.0314 -2.97273
vt 35.9686 -2.97273
vt 35.9686 -2.98618
vt 36.0314 -2.98618
vt 35.9686 -3.06618
vt 36.0314 -3.06618
vt 35.9686 -3.08382
vt 36.0314 -3.08382
vt 35.9686 -2.97012
vt 36.0314 -2.97012
vt 36.0314 -2.95593
vt 35.9686 -2.95593
vt 35.9686 -2.98636
vt 36.0314 -2.98636
vt 35.9686 -3.06891
vt 36.0314 -3.06891
vt 36.101 -2.98432
vt 35.6713 -2.98432
vt 36.101 -3.01568
vt 35.6713 -3.01568
vt 36.1275 -2.96864
vt 36.1616 -3.03136
vt 36.1616 -2.96864
vt 36.1275 -3.03136
vt 35.9686 -3.06943
vt 36.0314 -3.06943
vt 35.9686 -2.99323
vt 36.0314 -2.98674
vt 35.9686 -2.98674
vt 36.0314 -2.95632
vt 35.9686 -2.95632
vt 36.0314 -3.05436
vt 35.9686 -3.06855
vt 36.0314 -3.06855
vt 35.9686 -3.05436
vt 36.0314 -2.95555
vt 35.9686 -2.95555
vt 35.9686 -3.08466
vt 36.0314 -3.07078
vt 35.9686 -3.07078
vt 36.0314 -3.08466
vt 35.9686 -3.09829
vt 36.0314 -3.09829
vt 36.2458 -3.03136
vt 36.3328 -3.03136
vt 36.3328 -2.96864
vt 36.2458 -2.96864
vt 35.8147 -2.96864
vt 35.8147 -3.03136
vt 35.8442 -3.03136
vt 35.8442 -2.96864
vt 35.9408 -3.03136
vt 35.9408 -2.96864
vt 36.0526 -3.03136
vt 36.1558 -3.03136
vt 36.0526 -2.96864
vt 36.1558 -2.96864
vt 36.162 -3.03136
vt 36.2594 -3.03136
vt 36.162 -2.96864
vt 36.2594 -2.96864
vt 35.6713 -2.87277
vt 36.101 -2.91174
vt 36.101 -2.87277
vt 35.644 -2.91174
vt 36.101 -2.93002
vt 35.644 -2.93002
vt 35.9568 -2.97273
vt 35.838 -3.00585
vt 35.7406 -3.07078
vt 35.6646 -3.07078
vt 35.6652 -3.08466
vt 35.6672 -3.09829
vt 35.7542 -3.09829
vt 35.7542 -3.08466
vt 35.9474 -3.00069
vt 35.8442 -3.02797
vt 36.0587 -2.95649
vt 36.09 -2.97273
vt 36.1442 -2.95555
vt 36.1442 -2.98618
vt 36.0878 -2.98618
vt 36.1145 -3.05436
vt 36.0592 -3.06618
vt 36.0592 -3.08382
vt 36.1275 -3.06855
vt 36.1558 -3.08382
vt 36.1616 -3.06891
vt 36.1853 -3.06943
vt 36.2172 -2.98636
vt 36.2349 -2.99323
vt 36.2393 -2.98674
vt 36.2172 -2.97012
vt 36.2686 -2.95632
vt 36.2037 -2.95593
vt 36.2919 -2.93002
vt 36.2919 -2.95649
vt 35.9686 -3.00069
vt 36.0314 -3.00069
vt 35.91 -2.96864
vt 35.91 -3.03136
vt 35.9413 -3.03136
vt 35.9413 -2.96864
vt 36.0432 -3.03136
vt 36.0432 -2.96864
vt 35.7963 -3.03136
vt 35.8558 -3.03136
vt 35.7963 -2.96864
vt 35.8558 -2.96864
vt 35.9686 -3.02797
vt 36.0314 -3.02797
vt 36.0314 -3.00585
vt 35.9686 -3.00585
vt 0 0
usemtl mat0
f 1/1/1 2/2/2 3/3/3
f 2/2/2 4/4/4 3/3/3
f 4/4/4 2/2/2 5/5/5
f 2/2/2 1/1/1 6/6/6
f 2/2/2 7/7/7 5/5/5
f 8/8/8 7/7/7 2/2/2
f 2/2/2 9/9/9 10/10/10
f 2/2/2 6/6/6 9/9/9
f 6/6/6 1/1/1 11/11/11
f 12/12/12 6/6/6 11/11/11
f 6/6/6 12/12/12 13/13/13
f 12/12/12 14/14/14 13/13/13
f 14/14/14 12/12/12 15/15/15
f 15/15/15 12/12/12 16/16/16
f 16/16/16 12/12/12 17/17/17
f 18/18/18 11/11/11 1/1/1
f 11/11/11 18/18/18 19/19/19
f 10/10/10 9/9/9 20/20/20
f 10/10/10 20/20/20 21/21/21
f 22/22/22 7/7/7 23/23/23
f 7/7/7 8/8/8 23/23/23
f 24/24/24 22/22/22 23/23/23
f 25/25/25 23/23/23 8/8/8
f 22/22/22 24/24/24 26/26/26
f 24/24/24 27/27/27 26/26/26
f 28/28/28 26/26/26 27/27/27
f 27/27/27 29/29/29 28/28/28
f 30/30/30 28/28/28 29/29/29
f 29/29/29 31/31/31 30/30/30
f 31/31/31 32/32/32 30/30/30
f 32/32/32 31/31/31 33/33/33
f 33/33/33 34/34/34 32/32/32
f 4/4/4 35/35/35 34/34/34
f 35/35/35 32/32/32 34/34/34
f 35/35/35 4/4/4 5/5/5
f 36/36/36 37/37/37 38/38/38
f 38/38/38 39/39/39 36/36/36
f 39/39/39 38/38/38 40/40/40
f 41/41/41 39/39/39 40/40/40
f 41/41/41 40/40/40 42/42/42
f 42/42/42 43/43/43 41/41/41
f 44/44/44 45/45/45 46/46/46
f 46/46/46 47/47/47 44/44/44
f 45/45/45 44/44/44 48/48/48
f 48/48/48 49/49/49 45/45/45
f 49/49/49 48/48/48 50/50/50
f 51/51/51 49/49/49 50/50/50
f 52/52/52 53/53/53 54/54/54
f 55/55/55 54/54/54 53/53/53
f 56/56/56 57/57/57 58/58/58
f 57/57/57 56/56/56 59/59/59
f 60/60/60 61/61/61 62/62/62
f 62/62/62 61/61/61 63/63/63
f 63/63/63 64/64/64 62/62/62
f 65/65/65 64/64/64 63/63/63
f 64/64/64 65/65/65 66/66/66
f 67/67/67 68/68/68 69/69/69
f 68/68/68 67/67/67 70/70/70
f 71/39/71 70/70/70 67/67/67
f 70/70/70 71/39/71 72/38/72
f 73/71/73 72/38/72 71/39/71
f 72/38/72 73/71/73 74/72/74
f 75/73/75 76/74/76 77/75/77
f 76/74/76 75/73/75 78/76/78
f 79/77/79 78/76/78 75/73/75
f 78/76/78 79/77/79 80/78/80
f 81/79/81 82/80/82 83/81/83
f 81/79/81 83/81/83 84/82/84
f 85/83/85 86/84/86 87/85/87
f 87/85/87 88/86/88 85/83/85
f 87/85/87 89/87/89 88/86/88
f 89/87/89 90/88/90 88/86/88
f 91/89/91 92/90/92 93/91/93
f 92/90/92 94/92/94 93/91/93
f 95/93/95 96/94/96 97/95/97
f 96/94/96 98/96/98 97/95/97
f 99/97/99 100/98/100 101/99/101
f 100/98/100 99/97/99 102/100/102
f 100/98/100 102/100/102 103/101/103
f 104/102/104 103/101/103 102/100/102
f 103/101/103 104/102/104 105/103/105
f 105/103/105 104/102/104 106/104/106
f 104/102/104 107/105/107 106/104/106
f 104/102/104 108/106/108 107/105/107
f 109/107/109 107/105/107 108/106/108
f 110/108/110 107/105/107 109/107/109
f 111/109/111 107/105/107 110/108/110
f 107/105/107 111/109/111 112/110/112
f 106/104/106 113/111/113 105/103/105
f 113/111/113 106/104/106 114/112/114
f 103/101/103 105/103/105 115/113/115
f 116/114/116 103/101/103 115/113/115
f 103/101/103 116/114/116 117/115/117
f 118/116/118 117/115/117 116/114/116
f 118/116/118 116/114/116 119/117/119
f 120/118/120 118/116/118 119/117/119
f 119/117/119 121/119/121 120/118/120
f 122/120/122 120/118/120 121/119/121
f 120/118/120 122/120/122 123/121/123
f 123/121/123 122/120/122 124/122/124
f 124/122/124 125/123/125 123/121/123
f 124/122/124 126/124/126 125/123/125
f 127/125/127 125/123/125 126/124/126
f 126/124/126 128/126/128 127/125/127
f 127/125/127 128/126/128 129/127/129
f 129/127/129 130/128/130 127/125/127
f 131/129/131 130/128/130 129/127/129
f 130/128/130 131/129/131 132/130/132
f 133/131/133 132/130/132 131/129/131
f 133/131/133 131/129/131 134/132/134
f 103/101/103 132/130/132 133/131/133
f 132/130/132 103/101/103 117/115/117
f 135/133/135 136/36/136 137/37/137
f 136/36/136 135/133/135 138/134/138
f 139/135/139 140/136/140 141/137/141
f 141/137/141 142/138/142 139/135/139
f 141/137/141 143/139/143 142/138/142
f 143/139/143 144/140/144 142/138/142
f 145/141/145 146/142/146 147/143/147
f 146/142/146 148/144/148 147/143/147
f 149/145/149 150/146/150 151/147/151
f 151/147/151 152/148/152 149/145/149
f 153/149/153 154/149/154 155/149/155
f 155/149/155 156/149/156 153/149/153
f 153/149/153 157/149/157 154/149/154
f 154/149/154 157/149/157 158/149/158
f 158/149/158 159/149/159 154/149/154
f 157/149/157 153/149/153 160/149/160
f 160/149/160 161/149/161 157/149/157
f 158/149/158 157/149/157 161/149/161
f 162/149/162 163/149/163 161/149/161
f 163/149/163 164/149/164 161/149/161
f 161/149/161 164/149/164 158/149/158
f 161/149/161 160/149/160 162/149/162
f 162/149/162 165/149/165 166/149/166
f 166/149/166 163/149/163 162/149/162
f 165/149/165 162/149/162 160/149/160
f 165/149/165 167/149/167 166/149/166
f 167/149/167 165/149/165 168/149/168
f 169/149/169 168/149/168 165/149/165
f 160/149/160 169/149/169 165/149/165
f 169/149/169 160/149/160 153/149/153
f 153/149/153 170/149/170 169/149/169
f 169/149/169 170/149/170 171/149/171
f 171/149/171 172/149/172 169/149/169
f 168/149/168 169/149/169 172/149/172
f 171/149/171 173/149/173 172/149/172
f 172/149/172 173/149/173 174/149/174
f 172/149/172 174/149/174 168/149/168
f 175/149/175 176/149/176 174/149/174
f 174/149/174 173/149/173 175/149/175
f 177/149/177 174/149/174 176/149/176
f 178/149/178 168/149/168 174/149/174
f 174/149/174 177/149/177 179/149/179
f 174/149/174 179/149/179 178/149/178
f 168/149/168 178/149/178 167/149/167
f 180/149/180 177/149/177 176/149/176
f 176/149/176 181/149/181 180/149/180
f 180/149/180 181/149/181 182/149/182
f 182/149/182 183/149/183 180/149/180
f 182/149/182 163/149/163 183/149/183
f 184/149/184 183/149/183 163/149/163
f 163/149/163 166/149/166 184/149/184
f 164/149/164 182/149/182 181/149/181
f 163/149/163 182/149/182 164/149/164
f 185/149/185 181/149/181 176/149/176
f 181/149/181 185/149/185 164/149/164
f 185/149/185 186/149/186 158/149/158
f 186/149/186 185/149/185 175/149/175
f 176/149/176 175/149/175 185/149/185
f 158/149/158 164/149/164 185/149/185
f 187/149/187 188/149/188 186/149/186
f 186/149/186 189/149/189 187/149/187
f 175/149/175 189/149/189 186/149/186
f 186/149/186 188/149/188 159/149/159
f 159/149/159 158/149/158 186/149/186
f 187/149/187 189/149/189 190/149/190
f 190/149/190 189/149/189 175/149/175
f 190/149/190 191/149/191 187/149/187
f 190/149/190 171/149/171 191/149/191
f 171/149/171 190/149/190 173/149/173
f 175/149/175 173/149/173 190/149/190
f 192/149/192 191/149/191 171/149/171
f 171/149/171 156/149/156 192/149/192
f 156/149/156 171/149/171 170/149/170
f 156/149/156 170/149/170 153/149/153
f 193/149/193 194/149/194 195/149/195
f 194/149/194 196/149/196 195/149/195
f 194/149/194 197/149/197 196/149/196
f 194/149/194 198/149/198 197/149/197
f 195/149/195 199/149/199 193/149/193
f 199/149/199 200/149/200 193/149/193
f 201/149/201 202/149/202 203/149/203
f 203/149/203 204/149/204 201/149/201
f 203/149/203 205/149/205 204/149/204
f 202/149/202 206/149/206 203/149/203
f 202/149/202 207/149/207 206/149/206
f 202/149/202 208/149/208 207/149/207
# Vertices: 208, normals: 208, texture coordinates: 149, faces: 198

o obj2
v -0.47589982 0.26629996 -0.16089733
v -0.72270799 0.21854958 -0.18306434
v -0.72326559 0.26288533 -0.16050142
v -0.44680703 0.22235793 -0.18350597
v -1.53902733 0.25162354 -0.15919596
v -1.62407422 0.2061061 -0.181622
v -1.62268674 0.09394966 -0.26640773
v -0.72132063 0.10639324 -0.2678501
v -1.62194359 0.03862719 -0.2378688
v -0.72057748 0.05107093 -0.23931116
v -0.53994417 0.31229439 -0.14987193
v -0.53989768 0.31211576 -0.09718913
v -0.53926915 0.26036102 -0.15019004
v -0.53999597 0.32007012 -0.0910806
v -0.54005313 0.32028961 -0.15591444
v -0.5403015 0.34148541 -0.12335176
v -0.54038799 0.34699199 -0.14106423
v -0.54056507 0.36016425 -0.14806408
v -0.54074359 0.37340823 -0.15558894
v -0.54076082 0.37522808 -0.14797156
v -0.54086232 0.38342765 -0.14183134
v -0.54072976 0.37329054 -0.14090303
v -0.5407849 0.37867659 -0.12312391
v -0.5408293 0.3833006 -0.10435783
v -0.54069853 0.37317055 -0.10544041
v -0.54071712 0.37505978 -0.098318
v -0.54068637 0.3731885 -0.0907551
v -0.54052132 0.35999572 -0.09841021
v -0.5403567 0.34687176 -0.10560161
v -0.53922272 0.26018238 -0.0975074
v -0.72132063 0.10639324 -0.2678501
v -0.7210685 0.10542283 0.01835388
v -0.72057748 0.05107093 -0.23931116
v -0.72270799 0.21854958 -0.18306434
v -0.72260445 0.2181513 -0.06554783
v -0.72037613 0.05029633 -0.01086067
v -0.50609547 0.27919891 -0.14354554
v -0.52549958 0.30839014 -0.1565056
v -0.52548802 0.30834538 -0.14333509
v -0.50610703 0.27924362 -0.15671602
v -0.50588763 0.26236537 -0.1568196
v -0.50587606 0.26232055 -0.14364915
v -0.50604898 0.27902049 -0.09086273
v -0.52545315 0.30821154 -0.10382264
v -0.52544153 0.30816698 -0.09065217
v -0.5060606 0.27906522 -0.10403322
v -0.5058412 0.26218691 -0.10413679
v -0.50582963 0.26214221 -0.09096618
v -0.44670346 0.22195959 -0.06598929
v -0.47589982 0.26629996 -0.16089733
v -0.47583511 0.26605105 -0.08746853
v -0.44680703 0.22235793 -0.18350597
v -1.39060175 0.26680937 -0.08944723
v -1.39039397 0.24997643 -0.10272115
v -1.39061332 0.26685384 -0.1026177
v -1.39038253 0.24993196 -0.0895507
v -1.39064813 0.26698774 -0.14213017
v -1.39044034 0.25015485 -0.15540382
v -1.39065993 0.2670323 -0.15530053
v -1.39042878 0.25011054 -0.14223349
v -1.43608177 -0.10361303 -0.12456037
v -1.4490726 -0.03445716 -0.08358108
v -1.44816995 -0.10391783 -0.08400659
v -1.43698466 -0.03415239 -0.12413485
v -1.448241 -0.10364336 -0.16507414
v -1.44914424 -0.03418225 -0.16464847
v -1.46257424 0.34785783 -0.1192239
v -1.45926905 0.32699528 -0.12847735
v -1.46257877 0.34787506 -0.12429315
v -1.45925748 0.32695061 -0.11530704
v -1.45324397 0.32890958 -0.12189063
v -1.45298779 0.30716237 -0.1534359
v -1.45332921 0.334335 -0.13907799
v -1.45288968 0.29992878 -0.14840946
v -1.45284307 0.29975009 -0.09572665
v -1.4529326 0.30694947 -0.09061186
v -1.45329893 0.33421814 -0.10463613
v -1.45347917 0.34901395 -0.09035413
v -1.45346034 0.34715191 -0.09695081
v -1.45348597 0.34903988 -0.09795862
v -1.45220923 0.24758768 -0.14873031
v -1.45216262 0.24740902 -0.09604735
v -1.4535346 0.3492268 -0.15317819
v -1.45350409 0.34732014 -0.14660454
v -1.45352769 0.34919938 -0.14507833
v -1.53034699 0.06383406 -0.1031267
v -1.53106058 0.12514193 -0.00347334
v -1.53025329 0.06347334 0.00325964
v -1.5311482 0.1254784 -0.10274906
v -1.53063965 0.09424631 0.01964946
v -2.14788437 0.08307835 -0.17543086
v -2.14779091 0.0827176 -0.06904465
v -2.14762473 0.06651792 -0.12232292
v -2.14891243 0.16215971 -0.17494631
v -2.14841771 0.12269102 -0.19695523
v -2.14881873 0.16179919 -0.06856008
v -2.14907837 0.17835934 -0.12163754
v -2.14828563 0.12218274 -0.04700532
v -2.3474021 0.09130087 -0.08383646
v -2.17197943 0.0937226 -0.0841171
v -2.34728312 0.07972569 -0.12190604
v -2.17186046 0.08214748 -0.12218669
v -2.34746909 0.09155864 -0.15983081
v -2.17204642 0.0939802 -0.16011162
v -0.54086232 0.38342765 -0.14183134
v -0.56203383 0.38313553 -0.14179742
v -0.56200087 0.38300851 -0.10432392
v -0.5408293 0.3833006 -0.10435783
v -1.47558594 0.34892267 -0.15314287
v -1.45352769 0.34919938 -0.14507833
v -1.4535346 0.3492268 -0.15317819
v -1.47557914 0.34889525 -0.145043
v -1.47553074 0.34870949 -0.09031897
v -1.45347917 0.34901395 -0.09035413
v -1.47553766 0.34873545 -0.09792345
v -1.45348597 0.34903988 -0.09795862
v -1.46257877 0.34787506 -0.12429315
v -1.46602118 0.34782737 -0.12428757
v -1.46601665 0.34781054 -0.11921833
v -1.46257424 0.34785783 -0.1192239
v -0.54074359 0.37340823 -0.15558894
v -0.56191516 0.37311608 -0.15555507
v -0.56203383 0.38313553 -0.14179742
v -0.54086232 0.38342765 -0.14183134
v -1.45324397 0.32890958 -0.12189063
v -1.47535038 0.33391336 -0.10460082
v -1.45329893 0.33421814 -0.10463613
v -1.47529578 0.32860515 -0.12185533
v -1.47538042 0.33403039 -0.13904282
v -1.45332921 0.334335 -0.13907799
v -0.5408293 0.3833006 -0.10435783
v -0.56200087 0.38300851 -0.10432392
v -0.561858 0.3728964 -0.09072116
v -0.54068637 0.3731885 -0.0907551
v -0.5403015 0.34148541 -0.12335176
v -0.56147307 0.34119308 -0.12331797
v -0.5403567 0.34687176 -0.10560161
v -0.56152815 0.34657913 -0.10556768
v -0.54038799 0.34699199 -0.14106423
v -0.56155944 0.34669942 -0.14103028
v -0.5403015 0.34148541 -0.12335176
v -0.56147307 0.34119308 -0.12331797
v -1.42905557 0.29573721 -0.10237667
v -1.48601592 0.2949506 -0.10228531
v -1.48600447 0.29490593 -0.089115
v -1.42904389 0.2956925 -0.08920619
v -1.48606265 0.29512924 -0.15496829
v -1.42909026 0.29587105 -0.14188898
v -1.42910206 0.29591581 -0.15505931
v -1.48605061 0.29508477 -0.14179796
v -0.62016284 0.27762449 -0.14336309
v -0.58248508 0.30755857 -0.14324382
v -0.62017453 0.27766919 -0.15653341
v -0.5824967 0.30760324 -0.15641432
v -0.52549958 0.30839014 -0.1565056
v -0.52548802 0.30834538 -0.14333509
v -0.62011647 0.27744582 -0.09068028
v -0.58243865 0.30737996 -0.09056087
v -0.62012804 0.27749056 -0.10385078
v -0.58245021 0.3074246 -0.10373135
v -0.52545315 0.30821154 -0.10382264
v -0.52544153 0.30816698 -0.09065217
v -2.15610766 0.15293312 -0.16280898
v -1.60593557 0.17300744 -0.12258532
v -1.60580754 0.16053022 -0.16368972
v -2.15623569 0.16541126 -0.12170461
v -1.6057353 0.16025212 -0.08163431
v -2.15603542 0.15265454 -0.08075356
v -2.14907837 0.17835934 -0.12163754
v -2.3482697 0.15904593 -0.06824082
v -2.14881873 0.16179919 -0.06856008
v -2.34852982 0.17560628 -0.12131861
v -2.14891243 0.16215971 -0.17494631
v -2.34836364 0.15940642 -0.17462704
v -1.42905557 0.29573721 -0.10237667
v -1.39060175 0.26680937 -0.08944723
v -1.39061332 0.26685384 -0.1026177
v -1.42904389 0.2956925 -0.08920619
v -1.42910206 0.29591581 -0.15505931
v -1.39064813 0.26698774 -0.14213017
v -1.39065993 0.2670323 -0.15530053
v -1.42909026 0.29587105 -0.14188898
v -1.53902733 0.25162354 -0.15919596
v -1.62407422 0.2061061 -0.181622
v -1.62397063 0.20570754 -0.06410517
v -1.53896272 0.25137457 -0.0857673
v -0.72320098 0.26263642 -0.08707264
v -0.72326559 0.26288533 -0.16050142
v -0.47583511 0.26605105 -0.08746853
v -0.47589982 0.26629996 -0.16089733
v -1.53034699 0.06383406 -0.1031267
v -0.87742323 0.07248504 0.00221494
v -0.87751693 0.0728457 -0.10417142
v -1.53025329 0.06347334 0.00325964
v -1.63649762 0.03847099 -0.25101584
v -1.39399922 0.0409532 0.00289269
v -1.39422333 0.04181556 -0.25140357
v -1.63627338 0.03760885 0.0032803
v -2.17204642 0.0939802 -0.16011162
v -2.34785008 0.11986562 -0.1753646
v -2.34746909 0.09155864 -0.15983081
v -2.17242765 0.12228718 -0.17564538
v -2.34820366 0.14807004 -0.15948458
v -2.17278099 0.1504916 -0.15976523
v -1.45332921 0.334335 -0.13907799
v -1.47555578 0.3470158 -0.14656939
v -1.47538042 0.33403039 -0.13904282
v -1.45350409 0.34732014 -0.14660454
v -1.47557914 0.34889525 -0.145043
v -1.45352769 0.34919938 -0.14507833
v -1.39399922 0.0409532 0.00289269
v -1.5876894 -0.04165408 0.00271438
v -1.39296067 -0.03896588 0.00240286
v -1.63627338 0.03760885 0.0032803
v -1.62243485 0.09297931 0.0197964
v -1.53025329 0.06347334 0.00325964
v -1.53063965 0.09424631 0.01964946
v -1.53106058 0.12514193 -0.00347334
v -1.62174249 0.0378526 -0.00941816
v -1.62397063 0.20570754 -0.06410517
v -0.87823069 0.13415444 -0.00451823
v -0.72260445 0.2181513 -0.06554783
v -1.53896272 0.25137457 -0.0857673
v -0.72320098 0.26263642 -0.08707264
v -0.47583511 0.26605105 -0.08746853
v -0.44670346 0.22195959 -0.06598929
v -0.7210685 0.10542283 0.01835388
v -0.87742323 0.07248504 0.00221494
v -0.72037613 0.05029633 -0.01086067
v -0.87780964 0.1032591 0.01860461
v -0.56155944 0.34669942 -0.14103028
v -0.54038799 0.34699199 -0.14106423
v -0.54056507 0.36016425 -0.14806408
v -0.56173658 0.35987195 -0.14803015
v -1.42904389 0.2956925 -0.08920619
v -1.5044508 0.24835692 -0.08936809
v -1.39038253 0.24993196 -0.0895507
v -1.39060175 0.26680937 -0.08944723
v -1.48600447 0.29490593 -0.089115
v -1.50467014 0.26523441 -0.08926477
v -0.50582963 0.26214221 -0.09096618
v -0.52544153 0.30816698 -0.09065217
v -0.58243865 0.30737996 -0.09056087
v -0.61989701 0.26056752 -0.09078374
v -0.50604898 0.27902049 -0.09086273
v -0.62011647 0.27744582 -0.09068028
v -0.53999597 0.32007012 -0.0910806
v -0.54068637 0.3731885 -0.0907551
v -0.5611676 0.31977776 -0.09104665
v -0.561858 0.3728964 -0.09072116
v -0.56106931 0.31182355 -0.09715536
v -0.56039429 0.25989002 -0.09747347
v -0.53922272 0.26018238 -0.0975074
v -0.53989768 0.31211576 -0.09718913
v -1.46601665 0.34781054 -0.11921833
v -1.46874475 0.32681969 -0.11529191
v -1.45925748 0.32695061 -0.11530704
v -1.46257424 0.34785783 -0.1192239
v -1.6057353 0.16025212 -0.08163431
v -2.15603542 0.15265454 -0.08075356
v -1.60532451 0.12973627 -0.0650945
v -2.15562463 0.12214005 -0.06421397
v -1.60494351 0.09933893 -0.08200759
v -2.15524387 0.09174269 -0.0811267
v -2.34724212 0.07996454 -0.0687254
v -2.14779091 0.0827176 -0.06904465
v -2.14828563 0.12218274 -0.04700532
v -2.3477366 0.11942938 -0.04668606
v -2.14881873 0.16179919 -0.06856008
v -2.3482697 0.15904593 -0.06824082
v -1.42909026 0.29587105 -0.14188898
v -1.50449705 0.24853559 -0.14205103
v -1.39042878 0.25011054 -0.14223349
v -1.39064813 0.26698774 -0.14213017
v -1.48605061 0.29508477 -0.14179796
v -1.50471663 0.26541296 -0.14194758
v -0.50587606 0.26232055 -0.14364915
v -0.52548802 0.30834538 -0.14333509
v -0.58248508 0.30755857 -0.14324382
v -0.6199435 0.26074615 -0.14346655
v -0.50609547 0.27919891 -0.14354554
v -0.62016284 0.27762449 -0.14336309
v -0.56106931 0.31182355 -0.09715536
v -0.53989768 0.31211576 -0.09718913
v -0.53999597 0.32007012 -0.0910806
v -0.5611676 0.31977776 -0.09104665
v -1.47489476 0.29944572 -0.09569133
v -1.47421443 0.24710463 -0.09601219
v -1.45216262 0.24740902 -0.09604735
v -1.45284307 0.29975009 -0.09572665
v -1.4529326 0.30694947 -0.09061186
v -1.47498417 0.30664468 -0.09057668
v -1.45347917 0.34901395 -0.09035413
v -1.47553074 0.34870949 -0.09031897
v -0.54056507 0.36016425 -0.14806408
v -0.56190133 0.37299833 -0.14086932
v -0.56173658 0.35987195 -0.14803015
v -0.54072976 0.37329054 -0.14090303
v -1.50753605 -0.03526429 -0.0834875
v -1.50663292 -0.10472483 -0.08391317
v -1.47738719 -0.10437808 -0.06726494
v -1.47829032 -0.03491709 -0.06683943
v -1.44816995 -0.10391783 -0.08400659
v -1.4490726 -0.03445716 -0.08358108
v -2.34852982 0.17560628 -0.12131861
v -2.34813666 0.14781222 -0.08349006
v -2.3482697 0.15904593 -0.06824082
v -2.34832215 0.15964523 -0.12141635
v -2.34820366 0.14807004 -0.15948458
v -2.34836364 0.15940642 -0.17462704
v -2.34785008 0.11986562 -0.1753646
v -2.34786916 0.1199379 -0.19663616
v -2.34733558 0.08032527 -0.17511177
v -2.34746909 0.09155864 -0.15983081
v -2.34707618 0.06376462 -0.12200381
v -2.34724212 0.07996454 -0.0687254
v -2.3474021 0.09130087 -0.08383646
v -2.34728312 0.07972569 -0.12190604
v -2.34775567 0.11950143 -0.06795625
v -2.3477366 0.11942938 -0.04668606
v -2.17271376 0.15023404 -0.08377086
v -2.17197943 0.0937226 -0.0841171
v -2.17233276 0.12192321 -0.06823719
v -2.17186046 0.08214748 -0.12218669
v -2.17289972 0.16206674 -0.12169684
v -2.17278099 0.1504916 -0.15976523
v -2.17204642 0.0939802 -0.16011162
v -2.17242765 0.12228718 -0.17564538
v -1.58791327 -0.04079198 -0.25158173
v -1.63627338 0.03760885 0.0032803
v -1.63649762 0.03847099 -0.25101584
v -1.5876894 -0.04165408 0.00271438
v -1.50468171 0.26527888 -0.1024351
v -1.50446236 0.24840143 -0.1025384
v -1.5044508 0.24835692 -0.08936809
v -1.50467014 0.26523441 -0.08926477
v -1.50472808 0.26545751 -0.15511793
v -1.50450873 0.24858005 -0.15522134
v -1.50449705 0.24853559 -0.14205103
v -1.50471663 0.26541296 -0.14194758
v -1.50467014 0.26523441 -0.08926477
v -1.48600447 0.29490593 -0.089115
v -1.50468171 0.26527888 -0.1024351
v -1.48601592 0.2949506 -0.10228531
v -1.50471663 0.26541296 -0.14194758
v -1.48605061 0.29508477 -0.14179796
v -1.50472808 0.26545751 -0.15511793
v -1.48606265 0.29512924 -0.15496829
v -1.46602118 0.34782737 -0.12428757
v -1.4687562 0.32686442 -0.12846223
v -1.46874475 0.32681969 -0.11529191
v -1.46601665 0.34781054 -0.11921833
v -1.4749409 0.29962432 -0.14837414
v -1.47529578 0.32860515 -0.12185533
v -1.47503936 0.30685794 -0.15340059
v -1.47489476 0.29944572 -0.09569133
v -1.47426093 0.24728332 -0.14869498
v -1.47421443 0.24710463 -0.09601219
v -1.47498417 0.30664468 -0.09057668
v -1.47535038 0.33391336 -0.10460082
v -1.47553074 0.34870949 -0.09031897
v -1.47551239 0.34684762 -0.0969155
v -1.47553766 0.34873545 -0.09792345
v -1.47538042 0.33403039 -0.13904282
v -1.47558594 0.34892267 -0.15314287
v -1.47555578 0.3470158 -0.14656939
v -1.47557914 0.34889525 -0.145043
v -0.62017453 0.27766919 -0.15653341
v -0.61995506 0.26079062 -0.15663686
v -0.6199435 0.26074615 -0.14346655
v -0.62016284 0.27762449 -0.14336309
v -0.62012804 0.27749056 -0.10385078
v -0.61990869 0.26061198 -0.10395421
v -0.61989701 0.26056752 -0.09078374
v -0.62011647 0.27744582 -0.09068028
v -1.62407422 0.2061061 -0.181622
v -1.62243485 0.09297931 0.0197964
v -1.62397063 0.20570754 -0.06410517
v -1.62268674 0.09394966 -0.26640773
v -1.62194359 0.03862719 -0.2378688
v -1.62174249 0.0378526 -0.00941816
v -1.51965868 -0.03529366 -0.12400255
v -1.50663292 -0.10472483 -0.08391317
v -1.50753605 -0.03526429 -0.0834875
v -1.51875591 -0.10475422 -0.12442806
v -1.50760734 -0.03498936 -0.16455504
v -1.50670457 -0.10445013 -0.16498056
v -0.87751693 0.0728457 -0.10417142
v -0.87823069 0.13415444 -0.00451823
v -0.87831819 0.13449115 -0.10379365
v -0.87742323 0.07248504 0.00221494
v -0.87780964 0.1032591 0.01860461
v -0.56111574 0.31200215 -0.149838
v -0.56044072 0.26006857 -0.15015629
v -0.56039429 0.25989002 -0.09747347
v -0.56106931 0.31182355 -0.09715536
v -0.56122476 0.31999746 -0.15588054
v -0.5611676 0.31977776 -0.09104665
v -0.56147307 0.34119308 -0.12331797
v -0.56155944 0.34669942 -0.14103028
v -0.56173658 0.35987195 -0.14803015
v -0.56191516 0.37311608 -0.15555507
v -0.56193233 0.37493581 -0.1479378
v -0.56203383 0.38313553 -0.14179742
v -0.56200087 0.38300851 -0.10432392
v -0.56195641 0.37838441 -0.12309
v -0.56190133 0.37299833 -0.14086932
v -0.5618701 0.37287819 -0.10540651
v -0.56169289 0.35970354 -0.09837643
v -0.56188864 0.37476745 -0.09828409
v -0.561858 0.3728964 -0.09072116
v -0.56152815 0.34657913 -0.10556768
v -2.34813666 0.14781222 -0.08349006
v -2.17289972 0.16206674 -0.12169684
v -2.17271376 0.15023404 -0.08377086
v -2.34832215 0.15964523 -0.12141635
v -2.17278099 0.1504916 -0.15976523
v -2.34820366 0.14807004 -0.15948458
v -0.44680703 0.22235793 -0.18350597
v -0.72260445 0.2181513 -0.06554783
v -0.72270799 0.21854958 -0.18306434
v -0.44670346 0.22195959 -0.06598929
v -1.58791327 -0.04079198 -0.25158173
v -1.39318454 -0.03810401 -0.2518934
v -1.5876894 -0.04165408 0.00271438
v -1.39296067 -0.03896588 0.00240286
v -0.72037613 0.05029633 -0.01086067
v -1.62174249 0.0378526 -0.00941816
v -0.72057748 0.05107093 -0.23931116
v -1.62194359 0.03862719 -0.2378688
v -1.5311482 0.1254784 -0.10274906
v -0.87831819 0.13449115 -0.10379365
v -0.87823069 0.13415444 -0.00451823
v -1.53106058 0.12514193 -0.00347334
v -2.15531611 0.09202078 -0.16318226
v -1.60501575 0.09961701 -0.16406286
v -2.15511608 0.07926434 -0.12223244
v -1.60481584 0.08686079 -0.12311317
v -2.15524387 0.09174269 -0.0811267
v -1.60494351 0.09933893 -0.08200759
v -2.34707618 0.06376462 -0.12200381
v -2.14779091 0.0827176 -0.06904465
v -2.34724212 0.07996454 -0.0687254
v -2.14762473 0.06651792 -0.12232292
v -2.34733558 0.08032527 -0.17511177
v -2.14788437 0.08307835 -0.17543086
v -0.53926915 0.26036102 -0.15019004
v -0.53922272 0.26018238 -0.0975074
v -0.56044072 0.26006857 -0.15015629
v -0.56039429 0.25989002 -0.09747347
v -1.47426093 0.24728332 -0.14869498
v -1.45216262 0.24740902 -0.09604735
v -1.47421443 0.24710463 -0.09601219
v -1.45220923 0.24758768 -0.14873031
v -0.56195641 0.37838441 -0.12309
v -0.5407849 0.37867659 -0.12312391
v -0.54069853 0.37317055 -0.10544041
v -0.5618701 0.37287819 -0.10540651
v -0.56190133 0.37299833 -0.14086932
v -0.54072976 0.37329054 -0.14090303
v -0.5407849 0.37867659 -0.12312391
v -0.56195641 0.37838441 -0.12309
v -2.17271376 0.15023404 -0.08377086
v -2.34775567 0.11950143 -0.06795625
v -2.34813666 0.14781222 -0.08349006
v -2.17233276 0.12192321 -0.06823719
v -2.3474021 0.09130087 -0.08383646
v -2.17197943 0.0937226 -0.0841171
v -1.45346034 0.34715191 -0.09695081
v -1.47535038 0.33391336 -0.10460082
v -1.47551239 0.34684762 -0.0969155
v -1.45348597 0.34903988 -0.09795862
v -1.45329893 0.33421814 -0.10463613
v -1.47553766 0.34873545 -0.09792345
v -1.39318454 -0.03810401 -0.2518934
v -1.58791327 -0.04079198 -0.25158173
v -1.39422333 0.04181556 -0.25140357
v -1.63649762 0.03847099 -0.25101584
v -0.54052132 0.35999572 -0.09841021
v -0.56152815 0.34657913 -0.10556768
v -0.56169289 0.35970354 -0.09837643
v -0.5403567 0.34687176 -0.10560161
v -1.39044034 0.25015485 -0.15540382
v -1.42910206 0.29591581 -0.15505931
v -1.39065993 0.2670323 -0.15530053
v -1.50450873 0.24858005 -0.15522134
v -1.48606265 0.29512924 -0.15496829
v -1.50472808 0.26545751 -0.15511793
v -0.52549958 0.30839014 -0.1565056
v -0.50588763 0.26236537 -0.1568196
v -0.5824967 0.30760324 -0.15641432
v -0.50610703 0.27924362 -0.15671602
v -0.61995506 0.26079062 -0.15663686
v -0.62017453 0.27766919 -0.15653341
v -0.54074359 0.37340823 -0.15558894
v -0.54005313 0.32028961 -0.15591444
v -0.56191516 0.37311608 -0.15555507
v -0.56122476 0.31999746 -0.15588054
v -0.53994417 0.31229439 -0.14987193
v -0.56044072 0.26006857 -0.15015629
v -0.56111574 0.31200215 -0.149838
v -0.53926915 0.26036102 -0.15019004
v -1.4687562 0.32686442 -0.12846223
v -1.46257877 0.34787506 -0.12429315
v -1.45926905 0.32699528 -0.12847735
v -1.46602118 0.34782737 -0.12428757
v -2.15610766 0.15293312 -0.16280898
v -1.60580754 0.16053022 -0.16368972
v -2.15572643 0.12253153 -0.17972201
v -1.60542631 0.13012797 -0.18060273
v -2.15531611 0.09202078 -0.16318226
v -1.60501575 0.09961701 -0.16406286
v -2.34786916 0.1199379 -0.19663616
v -2.14788437 0.08307835 -0.17543086
v -2.34733558 0.08032527 -0.17511177
v -2.14841771 0.12269102 -0.19695523
v -2.34836364 0.15940642 -0.17462704
v -2.14891243 0.16215971 -0.17494631
v -1.39039397 0.24997643 -0.10272115
v -1.42905557 0.29573721 -0.10237667
v -1.39061332 0.26685384 -0.1026177
v -1.50446236 0.24840143 -0.1025384
v -1.48601592 0.2949506 -0.10228531
v -1.50468171 0.26527888 -0.1024351
v -0.52545315 0.30821154 -0.10382264
v -0.5058412 0.26218691 -0.10413679
v -0.58245021 0.3074246 -0.10373135
v -0.5060606 0.27906522 -0.10403322
v -0.61990869 0.26061198 -0.10395421
v -0.62012804 0.27749056 -0.10385078
v -0.56122476 0.31999746 -0.15588054
v -0.54005313 0.32028961 -0.15591444
v -0.53994417 0.31229439 -0.14987193
v -0.56111574 0.31200215 -0.149838
v -0.54069853 0.37317055 -0.10544041
v -0.56169289 0.35970354 -0.09837643
v -0.5618701 0.37287819 -0.10540651
v -0.54052132 0.35999572 -0.09841021
v -1.47426093 0.24728332 -0.14869498
v -1.45288968 0.29992878 -0.14840946
v -1.45220923 0.24758768 -0.14873031
v -1.4749409 0.29962432 -0.14837414
v -1.47503936 0.30685794 -0.15340059
v -1.45298779 0.30716237 -0.1534359
v -1.47558594 0.34892267 -0.15314287
v -1.4535346 0.3492268 -0.15317819
v -1.47839105 -0.03452901 -0.18132794
v -1.50670457 -0.10445013 -0.16498056
v -1.50760734 -0.03498936 -0.16455504
v -1.47748804 -0.10399003 -0.18175374
v -1.44914424 -0.03418225 -0.16464847
v -1.448241 -0.10364336 -0.16507414
v 0.40323079 0.25383952 -0.19439179
v 0.48503178 0.13200985 0.04737338
v 0.48472652 0.13318476 -0.29912055
v 0.40335324 0.25336912 -0.05560388
v 0.48574659 0.07480364 0.01257914
v 0.48550189 0.07574467 -0.26499963
v 0.43137053 -0.36717436 0.0099719
v 0.43112582 -0.3662335 -0.2676053
v 0.43003017 -0.41068915 0.00970867
v 0.42978546 -0.40974805 -0.26786882
v 0.42487225 -0.45350748 0.00945571
v 0.42462742 -0.45256642 -0.26812148
v 0.33659971 0.25291952 -0.19428532
v 0.33672217 0.25244933 -0.05549729
v 0.40323079 0.25383952 -0.19439179
v 0.40335324 0.25336912 -0.05560388
v 0.42487225 -0.45350748 0.00945571
v 0.36343658 -0.41160852 0.00981519
v 0.35827792 -0.4544268 0.00956237
v 0.43003017 -0.41068915 0.00970867
v 0.36477548 -0.36809376 0.01007858
v 0.43137053 -0.36717436 0.0099719
v 0.41915324 0.07388449 0.01268567
v 0.48574659 0.07480364 0.01257914
v 0.48503178 0.13200985 0.04737338
v 0.41843843 0.13109069 0.0474799
v 0.40335324 0.25336912 -0.05560388
v 0.33672217 0.25244933 -0.05549729
v 0.33659971 0.25291952 -0.19428532
v 0.41843843 0.13109069 0.0474799
v 0.33672217 0.25244933 -0.05549729
v 0.41813317 0.13226537 -0.29901391
v 0.41915324 0.07388449 0.01268567
v 0.41890857 0.07482551 -0.26489177
v 0.36477548 -0.36809376 0.01007858
v 0.36453065 -0.36715251 -0.26749879
v 0.36343658 -0.41160852 0.00981519
v 0.36319211 -0.41066736 -0.26776227
v 0.35827792 -0.4544268 0.00956237
v 0.35803336 -0.4534857 -0.26801509
v 0.42462742 -0.45256642 -0.26812148
v 0.42487225 -0.45350748 0.00945571
v 0.35803336 -0.4534857 -0.26801509
v 0.35827792 -0.4544268 0.00956237
v 0.36319211 -0.41066736 -0.26776227
v 0.42462742 -0.45256642 -0.26812148
v 0.35803336 -0.4534857 -0.26801509
v 0.42978546 -0.40974805 -0.26786882
v 0.36453065 -0.36715251 -0.26749879
v 0.43112582 -0.3662335 -0.2676053
v 0.41890857 0.07482551 -0.26489177
v 0.48550189 0.07574467 -0.26499963
v 0.41813317 0.13226537 -0.29901391
v 0.48472652 0.13318476 -0.29912055
v 0.40323079 0.25383952 -0.19439179
v 0.33659971 0.25291952 -0.19428532
v 0.37616557 -0.10609255 0.00507383
v 0.36780176 -0.08570921 -0.26022011
v 0.3680357 -0.08660917 0.00520661
v 0.37593198 -0.10519256 -0.26035273
v 0.36854503 -0.12579691 0.00496645
v 0.36831132 -0.12489706 -0.26046008
v -0.13684843 -0.17200609 0.00553548
v -0.14521237 -0.15162286 -0.25975817
v -0.14497866 -0.15252271 0.00566809
v -0.1370822 -0.17110623 -0.25989076
v -0.14446935 -0.19170684 0.00542807
v -0.14470312 -0.190807 -0.25999838
v 0.35145313 -0.40058532 0.00331741
v 0.34308919 -0.38020128 -0.26197642
v 0.3433229 -0.38110122 0.00345001
v 0.35121953 -0.3996855 -0.26210898
v 0.34383234 -0.42028797 0.00320986
v 0.34359837 -0.41938806 -0.26221657
v 0.32978016 -0.0862342 -0.26015913
v 0.34891906 -0.07875706 0.00528668
v 0.34868509 -0.0778572 -0.26013988
v 0.33001399 -0.08713402 0.00526731
v 0.3680357 -0.08660917 0.00520661
v 0.36780176 -0.08570921 -0.26022011
v -0.18327236 -0.15214823 -0.25969732
v -0.16409624 -0.14466684 0.00574846
v -0.16432995 -0.143767 -0.25967795
v -0.18303859 -0.1530482 0.00572905
v -0.14497866 -0.15252271 0.00566809
v -0.14521237 -0.15162286 -0.25975817
v 0.30503017 -0.38072672 -0.26191548
v 0.32416949 -0.37324858 0.00353017
v 0.3239359 -0.3723487 -0.26189625
v 0.30526382 -0.38162661 0.00351083
v 0.3433229 -0.38110122 0.00345001
v 0.34308919 -0.38020128 -0.26197642
v 0.30577332 -0.42081341 0.00327062
v 0.32416949 -0.37324858 0.00353017
v 0.29764289 -0.40132827 0.00340339
v 0.35145313 -0.40058532 0.00331741
v 0.32488993 -0.42866734 0.00319061
v 0.34383234 -0.42028797 0.00320986
v 0.3433229 -0.38110122 0.00345001
v 0.30526382 -0.38162661 0.00351083
v -0.18252935 -0.19223224 0.00548901
v -0.18303859 -0.1530482 0.00572905
v -0.19065866 -0.1727488 0.00562161
v -0.13684843 -0.17200609 0.00553548
v -0.16337593 -0.20008765 0.00540887
v -0.14446935 -0.19170684 0.00542807
v -0.16409624 -0.14466684 0.00574846
v -0.14497866 -0.15252271 0.00566809
v 0.33052331 -0.12632188 0.00502717
v 0.34891906 -0.07875706 0.00528668
v 0.32239309 -0.10683481 0.0051599
v 0.36854503 -0.12579691 0.00496645
v 0.34963912 -0.13417406 0.00494708
v 0.37616557 -0.10609255 0.00507383
v 0.3680357 -0.08660917 0.00520661
v 0.33001399 -0.08713402 0.00526731
v 0.32215923 -0.10593485 -0.26026654
v 0.33001399 -0.08713402 0.00526731
v 0.32978016 -0.0862342 -0.26015913
v 0.32239309 -0.10683481 0.0051599
v 0.33028972 -0.12542191 -0.2603994
v 0.33052331 -0.12632188 0.00502717
v -0.19089244 -0.17184895 -0.25980464
v -0.18303859 -0.1530482 0.00572905
v -0.18327236 -0.15214823 -0.25969732
v -0.19065866 -0.1727488 0.00562161
v -0.18276305 -0.19133238 -0.25993723
v -0.18252935 -0.19223224 0.00548901
v 0.29740936 -0.40042841 -0.26202285
v 0.30526382 -0.38162661 0.00351083
v 0.30503017 -0.38072672 -0.26191548
v 0.29764289 -0.40132827 0.00340339
v 0.30553949 -0.41991356 -0.26215559
v 0.30577332 -0.42081341 0.00327062
v 0.34940565 -0.1332742 -0.26047933
v 0.33052331 -0.12632188 0.00502717
v 0.33028972 -0.12542191 -0.2603994
v 0.34963912 -0.13417406 0.00494708
v 0.36831132 -0.12489706 -0.26046008
v 0.36854503 -0.12579691 0.00496645
v -0.1636097 -0.1991878 -0.26001763
v -0.18252935 -0.19223224 0.00548901
v -0.18276305 -0.19133238 -0.25993723
v -0.16337593 -0.20008765 0.00540887
v -0.14470312 -0.190807 -0.25999838
v -0.14446935 -0.19170684 0.00542807
v 0.32465607 -0.42776749 -0.26223567
v 0.30577332 -0.42081341 0.00327062
v 0.30553949 -0.41991356 -0.26215559
v 0.32488993 -0.42866734 0.00319061
v 0.34359837 -0.41938806 -0.26221657
v 0.34383234 -0.42028797 0.00320986
v 0.35121953 -0.3996855 -0.26210898
v 0.3239359 -0.3723487 -0.26189625
v 0.34308919 -0.38020128 -0.26197642
v 0.30553949 -0.41991356 -0.26215559
v 0.32465607 -0.42776749 -0.26223567
v 0.34359837 -0.41938806 -0.26221657
v 0.29740936 -0.40042841 -0.26202285
v 0.30503017 -0.38072672 -0.26191548
v -0.1370822 -0.17110623 -0.25989076
v -0.16432995 -0.143767 -0.25967795
v -0.14521237 -0.15162286 -0.25975817
v -0.18327236 -0.15214823 -0.25969732
v -0.18276305 -0.19133238 -0.25993723
v -0.1636097 -0.1991878 -0.26001763
v -0.14470312 -0.190807 -0.25999838
v -0.19089244 -0.17184895 -0.25980464
v 0.37593198 -0.10519256 -0.26035273
v 0.34868509 -0.0778572 -0.26013988
v 0.36780176 -0.08570921 -0.26022011
v 0.36831132 -0.12489706 -0.26046008
v 0.33028972 -0.12542191 -0.2603994
v 0.34940565 -0.1332742 -0.26047933
v 0.32215923 -0.10593485 -0.26026654
v 0.32978016 -0.0862342 -0.26015913
v -1.4231174 0.18151593 -0.03571222
v -1.42370439 0.22476828 -0.06534581
v -1.43780756 0.20294055 -0.05024312
v -1.27974641 0.22675538 -0.06557617
v -1.27915931 0.18350342 -0.0359426
v -1.26505768 0.20532522 -0.05051964
v -0.87832493 0.13449514 -0.11189492
v -0.87824994 0.13420625 -0.02677872
v -0.87752378 0.07285141 -0.11227272
v -0.87744296 0.07254062 -0.02056995
v -0.87783146 0.10331379 -0.00671692
v -1.0880965 0.22940169 -0.06588276
v -1.07353413 0.20846458 -0.19620064
v -1.08819795 0.22979167 -0.18086557
v -1.0734061 0.20797174 -0.05082643
v -1.07353413 0.20846458 -0.19620064
v -1.08750939 0.18614867 -0.0362492
v -1.08766377 0.18674298 -0.21152185
v -1.0734061 0.20797174 -0.05082643
v -1.27974641 0.22675538 -0.06557617
v -1.26518595 0.2058181 -0.19589414
v -1.27984786 0.22714512 -0.18055877
v -1.26505768 0.20532522 -0.05051964
v -1.26518595 0.2058181 -0.19589414
v -1.27915931 0.18350342 -0.0359426
v -1.27931368 0.18409748 -0.21121511
v -1.26505768 0.20532522 -0.05051964
v -1.08819795 0.22979167 -0.18086557
v -1.2321558 0.2278046 -0.18063508
v -1.23205447 0.22741467 -0.06565242
v -1.0880965 0.22940169 -0.06588276
v -1.27984786 0.22714512 -0.18055877
v -1.42380583 0.22515808 -0.18032846
v -1.42370439 0.22476828 -0.06534581
v -1.27974641 0.22675538 -0.06557617
v -0.87832493 0.13449514 -0.11189492
v -1.53115487 0.12548317 -0.11085021
v -1.53107965 0.1251948 -0.02573402
v -0.87824994 0.13420625 -0.02677872
v -0.02269622 0.20420322 -0.02983272
v -0.39010036 0.19913158 -0.02924487
v -0.02185069 0.14238864 0.01993826
v -0.38925493 0.13731699 0.02052612
v -0.02286491 0.20485225 -0.22130495
v -0.02185069 0.14238864 0.01993826
v -0.02210791 0.143378 -0.27183148
v -0.02269622 0.20420322 -0.02983272
v -0.30562714 0.04420064 -0.260829
v -0.30538926 0.04328524 0.00917436
v -0.30482593 -0.01744371 -0.26120663
v -0.30458802 -0.01835897 0.00879641
v -0.02286491 0.20485225 -0.22130495
v -0.39026904 0.19978066 -0.22071689
v -0.39010036 0.19913158 -0.02924487
v -0.02269622 0.20420322 -0.02983272
v -0.30562714 0.04420064 -0.260829
v -0.47321182 0.04188766 -0.26056075
v -0.47297388 0.04097228 0.00944242
v -0.30538926 0.04328524 0.00917436
v -0.30538926 0.04328524 0.00917436
v -0.47297388 0.04097228 0.00944242
v -0.30458802 -0.01835897 0.00879641
v -0.47217265 -0.02067226 0.00906463
v -0.47241053 -0.01975689 -0.26093856
v -0.47217265 -0.02067226 0.00906463
v -0.47321182 0.04188766 -0.26056075
v -0.47297388 0.04097228 0.00944242
v -0.47241053 -0.01975689 -0.26093856
v -0.30482593 -0.01744371 -0.26120663
v -0.30458802 -0.01835897 0.00879641
v -0.47217265 -0.02067226 0.00906463
v -0.389512 0.13830642 -0.27124345
v -0.02210791 0.143378 -0.27183148
v -0.02185069 0.14238864 0.01993826
v -0.38925493 0.13731699 0.02052612
v -0.30562714 0.04420064 -0.260829
v -0.47241053 -0.01975689 -0.26093856
v -0.47321182 0.04188766 -0.26056075
v -0.30482593 -0.01744371 -0.26120663
v -0.02286491 0.20485225 -0.22130495
v -0.389512 0.13830642 -0.27124345
v -0.39026904 0.19978066 -0.22071689
v -0.02210791 0.143378 -0.27183148
v -1.23146713 0.1841618 -0.03601884
v -1.0880965 0.22940169 -0.06588276
v -1.23205447 0.22741467 -0.06565242
v -1.2461555 0.20558722 -0.05054977
v -1.08750939 0.18614867 -0.0362492
v -1.0734061 0.20797174 -0.05082643
v -1.53035378 0.0638398 -0.111228
v -1.53107965 0.1251948 -0.02573402
v -1.53115487 0.12548317 -0.11085021
v -1.53027296 0.06352873 -0.01952538
v -1.53066134 0.09430211 -0.00567205
v -1.43793523 0.20343341 -0.19561779
v -1.42370439 0.22476828 -0.06534581
v -1.42380583 0.22515808 -0.18032846
v -1.43780756 0.20294055 -0.05024312
v -1.42327178 0.18211021 -0.2109846
v -1.4231174 0.18151593 -0.03571222
v -1.43793523 0.20343341 -0.19561779
v -1.43780756 0.20294055 -0.05024312
v -1.24628377 0.20608012 -0.19592443
v -1.23205447 0.22741467 -0.06565242
v -1.2321558 0.2278046 -0.18063508
v -1.2461555 0.20558722 -0.05054977
v -1.23162186 0.18475609 -0.21129137
v -1.23146713 0.1841618 -0.03601884
v -1.24628377 0.20608012 -0.19592443
v -1.2461555 0.20558722 -0.05054977
v -0.389512 0.13830642 -0.27124345
v -0.39010036 0.19913158 -0.02924487
v -0.39026904 0.19978066 -0.22071689
v -0.38925493 0.13731699 0.02052612
v -1.53035378 0.0638398 -0.111228
v -0.87752378 0.07285141 -0.11227272
v -0.87744296 0.07254062 -0.02056995
v -1.53027296 0.06352873 -0.01952538
v -1.23162186 0.18475609 -0.21129137
v -1.08766377 0.18674298 -0.21152185
v -1.08750939 0.18614867 -0.0362492
v -1.23146713 0.1841618 -0.03601884
v -1.42327178 0.18211021 -0.2109846
v -1.27931368 0.18409748 -0.21121511
v -1.27915931 0.18350342 -0.0359426
v -1.4231174 0.18151593 -0.03571222
v -1.2321558 0.2278046 -0.18063508
v -1.23162186 0.18475609 -0.21129137
v -1.24628377 0.20608012 -0.19592443
v -1.08766377 0.18674298 -0.21152185
v -1.08819795 0.22979167 -0.18086557
v -1.07353413 0.20846458 -0.19620064
v -1.42380583 0.22515808 -0.18032846
v -1.42327178 0.18211021 -0.2109846
v -1.43793523 0.20343341 -0.19561779
v -1.27931368 0.18409748 -0.21121511
v -1.27984786 0.22714512 -0.18055877
v -1.26518595 0.2058181 -0.19589414
v -1.3939991 0.04094193 0.00289251
v -0.83454132 0.04866568 0.00199725
v -1.39422321 0.04180407 -0.25140375
v -0.83476537 0.04952801 -0.25229883
v -0.83476537 0.04952801 -0.25229883
v -0.83454132 0.04866568 0.00199725
v -0.8369559 0.22217485 -0.18742666
v -0.83684385 0.2217437 -0.06026277
v -0.83523101 0.10378197 0.03424342
v -0.83551091 0.10485864 -0.28337312
v -1.39296043 -0.03897714 0.00240283
v -1.3931843 -0.03811528 -0.25189346
v -1.32487655 -0.0366324 -0.25199959
v -1.32465243 -0.03749452 0.00229683
v 0.37631223 0.23901509 -0.06170446
v 0.45768294 0.12323527 -0.2849443
v 0.37620014 0.23944622 -0.1888697
v 0.45796281 0.12215853 0.03267212
v 0.45865247 0.06704227 0.00042744
v 0.45842838 0.06790415 -0.25387019
v 0.40403008 -0.35878193 -0.00208058
v 0.40380591 -0.35791981 -0.25637802
v 0.40270549 -0.40070444 -0.00233416
v 0.40248141 -0.39984244 -0.25663179
v 0.39752609 -0.44195628 -0.00257748
v 0.39730212 -0.44109443 -0.25687498
vn -0.00773 0.45004 -0.89297
vn -0.00832 0.50235 -0.86462
vn -0.00765 0.45107 -0.89246
vn -0.00768 0.45004 -0.89297
vn -0.00754 0.44924 -0.89338
vn -0.00919 0.56789 -0.82305
vn -0.00279 0.0869 -0.99621
vn -0.00282 0.08806 -0.99611
vn 0.00491 -0.4584 -0.88873
vn 0.00491 -0.4584 -0.88873
vn 0.99992 0.013 -0.00084
vn 0.99992 0.01299 -0.00084
vn 0.99992 0.013 -0.00084
vn 0.99992 0.013 -0.00084
vn 0.99992 0.013 -0.00084
vn 0.99992 0.01301 -0.00084
vn 0.99992 0.013 -0.00083
vn 0.99992 0.013 -0.00084
vn 0.99992 0.01301 -0.00084
vn 0.99992 0.01301 -0.00084
vn 0.99992 0.013 -0.00084
vn 0.99992 0.013 -0.00083
vn 0.99992 0.013 -0.00084
vn 0.99992 0.013 -0.00084
vn 0.99992 0.013 -0.00084
vn 0.99992 0.013 -0.00085
vn 0.99992 0.013 -0.00085
vn 0.99992 0.013 -0.00085
vn 0.99992 0.013 -0.00084
vn 0.99992 0.013 -0.00084
vn 0.99992 0.013 -0.00084
vn 0.99992 0.013 -0.00084
vn 0.99992 0.013 -0.00084
vn 0.8029 -0.59259 -0.06466
vn 0.80301 -0.59316 0.05771
vn 0.99992 0.013 -0.00084
vn 0.95518 0.29603 0.00017
vn 0.47189 0.88165 0.00303
vn 0.47164 0.88179 0.00285
vn 0.95548 0.29507 0.00016
vn 0.99992 0.013 -0.00083
vn 0.99992 0.01301 -0.00083
vn 0.95518 0.29603 0.00016
vn 0.47189 0.88165 0.00302
vn 0.47164 0.88179 0.00284
vn 0.95547 0.29507 0.00016
vn 0.99992 0.013 -0.00084
vn 0.99992 0.013 -0.00083
vn 0.83458 0.55088 0.00116
vn 0.51267 0.8584 0.01785
vn 0.51271 0.85848 -0.01194
vn 0.83477 0.5506 0.00109
vn 0.99992 0.013 -0.00083
vn 0.99992 0.013 -0.00083
vn 0.99992 0.01301 -0.00083
vn 0.99992 0.013 -0.00082
vn 0.99991 0.01302 -0.00084
vn 0.99991 0.01301 -0.00084
vn 0.99991 0.01303 -0.00085
vn 0.99992 0.013 -0.00083
vn 0.99991 0.01301 -0.0014
vn 0.77579 0.00651 0.63096
vn 0.77579 0.00643 0.63096
vn 0.99992 0.013 -0.00041
vn 0.77456 0.0136 -0.63236
vn 0.77455 0.01367 -0.63236
vn 0.98761 0.15695 -0.00035
vn 0.98766 0.15662 -0.00034
vn 0.98754 0.15738 -0.00034
vn 0.98766 0.15662 -0.00034
vn 0.99992 0.013 -0.00084
vn 0.99992 0.01299 -0.00084
vn 0.99992 0.013 -0.00084
vn 0.99992 0.01299 -0.00084
vn 0.99991 0.01302 -0.00083
vn 0.99991 0.01303 -0.00082
vn 0.99992 0.013 -0.00083
vn 0.99991 0.01303 -0.00083
vn 0.99991 0.01309 -0.00082
vn 0.99991 0.01326 -0.00085
vn 0.99992 0.01301 -0.00084
vn 0.99992 0.01301 -0.00084
vn 0.99992 0.01302 -0.00085
vn 0.99991 0.01306 -0.00085
vn 0.99991 0.01318 -0.00081
vn 0.99992 0.013 -0.00084
vn 0.99992 0.013 -0.00084
vn 0.99992 0.013 -0.00084
vn 0.99992 0.013 -0.00084
vn 0.99992 0.01299 -0.00083
vn 0.99992 0.013 -0.00084
vn 0.99992 0.013 -0.00084
vn 0.99992 0.013 -0.00083
vn 0.99992 0.013 -0.00084
vn 0.99992 0.01301 -0.00084
vn 0.99992 0.013 -0.00084
vn 0.99992 0.01298 -0.00084
vn 0.99992 0.013 -0.00084
vn -0.01148 0.77207 -0.63543
vn -0.63759 0.59165 -0.49338
vn -0.0138 0.9999 0.00351
vn -0.65691 0.75396 0.00365
vn -0.00994 0.76772 0.64071
vn -0.63614 0.58801 0.49957
vn -0.01379 0.9999 0.0034
vn -0.01379 0.9999 0.0034
vn -0.01379 0.9999 0.0034
vn -0.01379 0.9999 0.0034
vn -0.01379 0.9999 0.00339
vn -0.01379 0.9999 0.0034
vn -0.01379 0.9999 0.0034
vn -0.01378 0.9999 0.00339
vn -0.0138 0.9999 0.00342
vn -0.0138 0.9999 0.00343
vn -0.0138 0.9999 0.00342
vn -0.0138 0.9999 0.00343
vn -0.0138 0.9999 0.00336
vn -0.01385 0.9999 0.00333
vn -0.01378 0.9999 0.00338
vn -0.01373 0.9999 0.00342
vn -0.01205 0.80393 -0.5946
vn -0.01204 0.80396 -0.59457
vn -0.01205 0.80393 -0.59461
vn -0.01204 0.80396 -0.59457
vn -0.01381 0.9999 0.00381
vn -0.0115 0.77269 -0.63467
vn -0.0115 0.77217 -0.63531
vn -0.0138 0.9999 0.00351
vn -0.00996 0.76826 0.64006
vn -0.00995 0.76826 0.64006
vn -0.01007 0.79872 0.60162
vn -0.01008 0.79967 0.60036
vn -0.01007 0.79909 0.60113
vn -0.01006 0.79811 0.60243
vn -0.01366 0.95565 -0.2942
vn -0.01368 0.95544 -0.29488
vn -0.01367 0.95549 -0.29469
vn -0.01367 0.95523 -0.29556
vn -0.01269 0.95325 0.30193
vn -0.01268 0.95296 0.30284
vn -0.01269 0.95309 0.30243
vn -0.01268 0.95283 0.30325
vn -0.0138 0.9999 0.00341
vn -0.0138 0.9999 0.0034
vn -0.0138 0.9999 0.0034
vn -0.0138 0.9999 0.00341
vn -0.0138 0.9999 0.00339
vn -0.0138 0.9999 0.0034
vn -0.0138 0.9999 0.00341
vn -0.0138 0.9999 0.00339
vn -0.90648 0.42224 0.00193
vn -0.33589 0.94189 0.00349
vn -0.90648 0.42223 0.0021
vn -0.33595 0.94187 0.00349
vn 0.46001 0.88791 0.00251
vn 0.46 0.88791 0.00246
vn -0.90648 0.42223 0.00218
vn -0.33589 0.94189 0.00349
vn -0.90648 0.42223 0.0021
vn -0.33595 0.94187 0.00349
vn 0.46 0.88791 0.00236
vn 0.46 0.88791 0.00245
vn -0.01176 0.77208 -0.63542
vn -0.0138 0.9999 0.00349
vn -0.01163 0.77227 -0.63518
vn -0.0138 0.9999 0.00378
vn -0.00971 0.7672 0.64133
vn -0.00968 0.76764 0.6408
vn -0.0138 0.9999 0.00357
vn -0.00967 0.76763 0.64082
vn -0.00982 0.76745 0.64103
vn -0.0138 0.9999 0.00387
vn -0.01163 0.77223 -0.63524
vn -0.01148 0.77223 -0.63524
vn 0.59812 0.8014 0.00219
vn 0.59816 0.80137 0.00218
vn 0.5982 0.80134 0.00219
vn 0.59828 0.80129 0.0022
vn 0.59816 0.80137 0.00219
vn 0.59809 0.80143 0.00218
vn 0.59817 0.80137 0.00218
vn 0.59816 0.80137 0.00219
vn -0.26781 0.96347 0.00341
vn -0.91855 0.39518 -0.01005
vn -0.91867 0.39479 0.01391
vn -0.26767 0.9635 0.00361
vn -0.0138 0.9999 0.0034
vn -0.0138 0.9999 0.0034
vn 0.50028 0.86586 0.00234
vn 0.50028 0.86586 0.00239
vn -0.0138 0.9999 0.0034
vn -0.0138 0.9999 0.0034
vn -0.0138 0.9999 0.0034
vn -0.0138 0.9999 0.0034
vn -0.0138 0.9999 0.0034
vn -0.0138 0.9999 0.0034
vn -0.0138 0.9999 0.0034
vn -0.0138 0.9999 0.0034
vn -0.63606 0.59828 0.48733
vn 0.00168 -0.00598 0.99998
vn -0.00934 0.77916 0.62675
vn -0.60224 -0.01204 0.79823
vn 0.01172 -0.78666 0.61728
vn -0.61964 -0.6199 0.48142
vn -0.00941 0.78238 0.62274
vn 0.00176 -0.01539 0.99988
vn -0.00941 0.78132 0.62405
vn 0.0019 -0.0223 0.99975
vn 0.00842 -0.50787 0.8614
vn 0.00858 -0.52344 0.85202
vn 0.00168 -0.00611 0.99998
vn 0.00168 -0.00611 0.99998
vn 0.00168 -0.00611 0.99998
vn 0.00168 -0.00611 0.99998
vn 0.00069 0.07705 0.99703
vn 0.00797 -0.46724 0.8841
vn 0.00054 0.07677 0.99705
vn -0.00681 0.59617 0.80283
vn 0.00851 -0.46773 0.88383
vn -0.00635 0.55964 0.82871
vn -0.00699 0.59626 0.80276
vn -0.00552 0.49115 0.87106
vn -0.00467 0.43917 0.89839
vn -0.00461 0.43818 0.89888
vn -0.00457 0.43912 0.89841
vn -0.0045 0.43921 0.89837
vn 0.00022 0.07716 0.99702
vn 0.00788 -0.4686 0.88338
vn 0.00747 -0.46792 0.88374
vn 0.00054 0.0762 0.99709
vn -0.00524 0.48214 0.87608
vn -0.00524 0.48215 0.87607
vn -0.00525 0.48215 0.87608
vn -0.00523 0.48206 0.87612
vn 0.00168 -0.00611 0.99998
vn 0.00168 -0.0061 0.99998
vn 0.00168 -0.00611 0.99998
vn 0.00168 -0.00611 0.99998
vn 0.00168 -0.0061 0.99998
vn 0.00168 -0.0061 0.99998
vn 0.00168 -0.00611 0.99998
vn 0.00169 -0.00658 0.99998
vn 0.00168 -0.00611 0.99998
vn 0.00168 -0.00611 0.99998
vn 0.00168 -0.00611 0.99998
vn 0.00168 -0.00611 0.99998
vn 0.00169 -0.00611 0.99998
vn 0.00169 -0.00611 0.99998
vn 0.00169 -0.00611 0.99998
vn 0.00169 -0.00611 0.99998
vn 0.00168 -0.00611 0.99998
vn 0.00169 -0.0061 0.99998
vn 0.00168 -0.0061 0.99998
vn 0.00168 -0.00611 0.99998
vn -0.00103 0.18903 0.98197
vn -0.00111 0.1911 0.98157
vn -0.00101 0.19077 0.98163
vn -0.00101 0.18828 0.98211
vn -0.00963 0.77878 0.62723
vn -0.00966 0.77942 0.62643
vn 0.00167 -0.00526 0.99998
vn 0.00168 -0.00575 0.99998
vn 0.01172 -0.78623 0.61782
vn 0.01181 -0.78561 0.61861
vn 0.01181 -0.78569 0.61851
vn 0.01162 -0.78673 0.61719
vn 0.00167 -0.00524 0.99998
vn 0.00167 -0.00524 0.99998
vn -0.00963 0.77879 0.62721
vn -0.00922 0.77994 0.62579
vn 0.00168 -0.0061 0.99998
vn 0.00169 -0.0061 0.99998
vn 0.00169 -0.0061 0.99998
vn 0.00169 -0.0061 0.99998
vn 0.00169 -0.00658 0.99998
vn 0.0017 -0.00611 0.99998
vn 0.00168 -0.00611 0.99998
vn 0.00168 -0.00611 0.99998
vn 0.00169 -0.00611 0.99998
vn 0.00169 -0.00611 0.99998
vn 0.00166 -0.00612 0.99998
vn 0.00169 -0.00611 0.99998
vn 0.0097 -0.61134 0.79131
vn 0.0097 -0.6114 0.79126
vn 0.0097 -0.61133 0.79132
vn 0.00971 -0.61127 0.79137
vn 0.00582 -0.31185 0.95011
vn 0.01079 -0.71143 0.70267
vn 0.01021 -0.71144 0.70267
vn 0.00583 -0.31207 0.95004
vn 0.00582 -0.3121 0.95003
vn 0.00583 -0.31243 0.94992
vn 0.00168 -0.0061 0.99998
vn 0.00168 -0.0061 0.99998
vn 0.00819 -0.49173 0.87071
vn 0.00817 -0.49172 0.87071
vn 0.00818 -0.49164 0.87076
vn 0.00816 -0.49173 0.87071
vn -0.79002 -0.01431 0.61291
vn -0.79002 -0.01449 0.61291
vn 0.00125 -0.00611 0.99998
vn 0.00173 -0.00611 0.99998
vn 0.79188 0.00649 0.61064
vn 0.79188 0.00639 0.61065
vn -0.99991 -0.01302 0.00084
vn -0.99992 -0.01298 0.00085
vn -0.99992 -0.01298 0.00085
vn -0.99991 -0.01303 0.00084
vn -0.99992 -0.013 0.00083
vn -0.99992 -0.013 0.00084
vn -0.99992 -0.013 0.00085
vn -0.99992 -0.013 0.00085
vn -0.99992 -0.01301 0.00083
vn -0.99992 -0.01301 0.00083
vn -0.99992 -0.01299 0.00084
vn -0.99992 -0.013 0.00084
vn -0.99992 -0.013 0.00083
vn -0.99992 -0.01299 0.00084
vn -0.99992 -0.013 0.00085
vn -0.99992 -0.01299 0.00085
vn -0.62089 -0.60989 -0.49247
vn -0.63659 0.5983 -0.48662
vn -0.62904 -0.00382 -0.77736
vn -0.63845 0.76965 0.00358
vn -0.61822 -0.786 -0.00252
vn -0.62004 -0.61453 0.48775
vn -0.63574 0.59365 0.49337
vn -0.62762 -0.01253 0.77842
vn -0.85316 -0.52164 -0.00102
vn -0.85319 -0.5216 -0.00101
vn -0.85316 -0.52165 -0.00101
vn -0.85276 -0.5223 -0.00102
vn -0.99992 -0.013 0.00083
vn -0.99992 -0.013 0.00083
vn -0.99992 -0.013 0.00083
vn -0.99992 -0.013 0.00083
vn -0.99992 -0.01301 0.00083
vn -0.99992 -0.01299 0.00084
vn -0.99992 -0.013 0.00084
vn -0.99991 -0.01302 0.00082
vn -0.8494 0.52775 0.00252
vn -0.84881 0.52869 0.00253
vn -0.84932 0.52787 0.00251
vn -0.84866 0.52894 0.00252
vn -0.84871 0.52885 0.00252
vn -0.84929 0.52791 0.00254
vn -0.84886 0.52861 0.00253
vn -0.84942 0.52771 0.00255
vn -0.99128 0.13177 0.00138
vn -0.99128 0.13178 0.00143
vn -0.99132 0.13145 0.00121
vn -0.99125 0.132 0.00128
vn -0.99992 -0.013 0.00084
vn -0.99992 -0.013 0.00083
vn -0.99992 -0.013 0.00084
vn -0.99992 -0.01301 0.00083
vn -0.99992 -0.013 0.00083
vn -0.99992 -0.013 0.00084
vn -0.99992 -0.01301 0.00083
vn -0.99992 -0.013 0.00084
vn -0.99991 -0.01302 0.00086
vn -0.99991 -0.01304 0.00089
vn -0.99992 -0.01296 0.00086
vn -0.99992 -0.013 0.00083
vn -0.99991 -0.01304 0.00082
vn -0.99991 -0.01309 0.0008
vn -0.99991 -0.01312 0.00079
vn -0.90016 0.43555 0.00289
vn -0.99992 -0.01301 0.00083
vn -0.99992 -0.01301 0.00084
vn -0.90016 0.43556 0.00266
vn -0.90016 0.43555 0.00283
vn -0.99992 -0.013 0.00084
vn -0.99992 -0.013 0.00084
vn -0.90016 0.43556 0.00265
vn -0.91356 0.40603 0.02337
vn -0.99992 -0.013 0.00084
vn -0.9136 0.4062 -0.01853
vn -0.99992 -0.013 0.00084
vn -0.99992 -0.013 0.00084
vn -0.99992 -0.01301 0.00084
vn -0.99991 -0.01301 0.00139
vn -0.77439 -0.01356 0.63257
vn -0.77439 -0.01366 0.63256
vn -0.99992 -0.013 0.0004
vn -0.77564 -0.00654 -0.63114
vn -0.77564 -0.00645 -0.63114
vn -0.99992 -0.013 0.00084
vn -0.99992 -0.013 0.00084
vn -0.99992 -0.013 0.00084
vn -0.99992 -0.013 0.00084
vn -0.99992 -0.013 0.00084
vn -0.99992 -0.01301 0.00084
vn -0.99992 -0.013 0.00084
vn -0.99992 -0.013 0.00084
vn -0.99992 -0.013 0.00084
vn -0.99992 -0.013 0.00084
vn -0.99992 -0.013 0.00084
vn -0.99992 -0.013 0.00084
vn -0.99992 -0.013 0.00084
vn -0.99992 -0.013 0.00084
vn -0.99992 -0.01301 0.00085
vn -0.99992 -0.01301 0.00084
vn -0.99992 -0.013 0.00084
vn -0.99992 -0.013 0.00084
vn -0.99992 -0.013 0.00084
vn -0.99992 -0.013 0.00083
vn -0.99992 -0.013 0.00084
vn -0.99992 -0.013 0.00084
vn -0.99992 -0.01301 0.00084
vn -0.99992 -0.013 0.00084
vn -0.99992 -0.013 0.00083
vn 0.00994 -0.76772 -0.6407
vn -0.63586 -0.7718 -0.00264
vn -0.6211 -0.60527 -0.49788
vn 0.0138 -0.9999 -0.00378
vn -0.61952 -0.60905 0.49522
vn 0.01149 -0.77207 0.63544
vn 0.0138 -0.9999 -0.0034
vn 0.80356 -0.59521 -0.00333
vn 0.80356 -0.59521 -0.00333
vn 0.0138 -0.9999 -0.0034
vn 0.0138 -0.9999 -0.0034
vn 0.0138 -0.9999 -0.0034
vn 0.0138 -0.9999 -0.0034
vn 0.0138 -0.9999 -0.0034
vn 0.0138 -0.9999 -0.0034
vn 0.0138 -0.9999 -0.0034
vn 0.0138 -0.9999 -0.0034
vn 0.0138 -0.9999 -0.0034
vn 0.0138 -0.9999 -0.0034
vn 0.0138 -0.9999 -0.0034
vn 0.0138 -0.9999 -0.0034
vn 0.0138 -0.9999 -0.0034
vn 0.00971 -0.76764 -0.6408
vn 0.00956 -0.76746 -0.64102
vn 0.0138 -0.9999 -0.0035
vn 0.0138 -0.9999 -0.00378
vn 0.01179 -0.7718 0.63575
vn 0.0116 -0.77227 0.63519
vn 0.0138 -0.9999 -0.00342
vn 0.01159 -0.77225 0.63521
vn 0.01179 -0.77206 0.63544
vn 0.0138 -0.9999 -0.0037
vn 0.00971 -0.76761 -0.64084
vn 0.00968 -0.76761 -0.64084
vn 0.01381 -0.9999 -0.0034
vn 0.0138 -0.9999 -0.0034
vn 0.01381 -0.9999 -0.0034
vn 0.0138 -0.9999 -0.0034
vn 0.0088 -0.70456 -0.70959
vn 0.0107 -0.70934 0.70478
vn 0.01036 -0.70935 0.70478
vn 0.00884 -0.70456 -0.70959
vn 0.01268 -0.95324 -0.30194
vn 0.01268 -0.95353 -0.30103
vn 0.01269 -0.95336 -0.30158
vn 0.01268 -0.95307 -0.3025
vn 0.01365 -0.95512 0.2959
vn 0.01365 -0.95538 0.29508
vn 0.01365 -0.95526 0.29544
vn 0.01366 -0.95499 0.29631
vn -0.62117 -0.61474 -0.48606
vn -0.00168 0.00574 -0.99998
vn 0.00936 -0.77997 -0.62575
vn -0.60491 -0.00289 -0.79629
vn -0.01172 0.78605 -0.61805
vn -0.63772 0.60342 -0.47875
vn -0.00189 0.02072 -0.99978
vn -0.01177 0.78855 -0.61486
vn -0.0016 0.00024 -1
vn 0.00498 -0.46374 -0.88596
vn -0.01177 0.78967 -0.61342
vn 0.00548 -0.49963 -0.86622
vn -0.00168 0.00611 -0.99998
vn -0.00168 0.00611 -0.99998
vn -0.00168 0.00611 -0.99998
vn -0.00168 0.00611 -0.99998
vn -0.00817 0.49146 -0.87086
vn -0.00818 0.49221 -0.87044
vn -0.00819 0.49324 -0.86985
vn -0.00817 0.49051 -0.8714
vn -0.00169 0.0061 -0.99998
vn -0.00168 0.0061 -0.99998
vn -0.00169 0.0061 -0.99998
vn -0.00168 0.0061 -0.99998
vn -0.00168 0.0061 -0.99998
vn -0.00169 0.00611 -0.99998
vn -0.00168 0.0061 -0.99998
vn -0.00168 0.00611 -0.99998
vn -0.00169 0.0061 -0.99998
vn -0.00166 0.00612 -0.99998
vn -0.00169 0.00611 -0.99998
vn -0.00169 0.00611 -0.99998
vn -0.00169 0.00611 -0.99998
vn -0.00169 0.00611 -0.99998
vn -0.00169 0.00611 -0.99998
vn -0.00168 0.00611 -0.99998
vn -0.00168 0.00611 -0.99998
vn -0.00168 0.0061 -0.99998
vn -0.00169 0.00611 -0.99998
vn -0.00168 0.0061 -0.99998
vn -0.00441 0.20344 -0.97908
vn -0.00433 0.19989 -0.97981
vn -0.00432 0.20415 -0.97893
vn -0.00433 0.1981 -0.98017
vn -0.01178 0.7856 -0.61862
vn -0.0116 0.78622 -0.61783
vn -0.00167 0.0052 -0.99999
vn -0.00168 0.00568 -0.99998
vn 0.00969 -0.77942 -0.62642
vn 0.00959 -0.77879 -0.62721
vn -0.00167 0.00522 -0.99998
vn 0.0096 -0.77944 -0.6264
vn 0.00963 -0.7789 -0.62708
vn -0.00168 0.00569 -0.99998
vn -0.01178 0.78622 -0.61783
vn -0.01159 0.78572 -0.61847
vn -0.00168 0.00611 -0.99998
vn -0.00169 0.0061 -0.99998
vn -0.00168 0.00611 -0.99998
vn -0.00168 0.0061 -0.99998
vn -0.00169 0.00611 -0.99998
vn -0.00167 0.0061 -0.99998
vn -0.00168 0.00611 -0.99998
vn -0.00168 0.00611 -0.99998
vn -0.00168 0.00611 -0.99998
vn -0.00167 0.00611 -0.99998
vn -0.00168 0.00611 -0.99998
vn -0.00168 0.00611 -0.99998
vn 0.00706 -0.60416 -0.79683
vn 0.00704 -0.60214 -0.79836
vn 0.00704 -0.60286 -0.79781
vn 0.00708 -0.60515 -0.79608
vn 0.00525 -0.4826 -0.87583
vn 0.00525 -0.48184 -0.87624
vn 0.00522 -0.48079 -0.87682
vn 0.00526 -0.48365 -0.87525
vn 0.008 -0.7028 -0.71134
vn 0.00263 -0.30133 -0.95352
vn 0.00834 -0.7028 -0.71134
vn 0.00264 -0.30103 -0.95361
vn 0.00263 -0.30162 -0.95342
vn 0.00263 -0.30139 -0.9535
vn -0.00169 0.0061 -0.99998
vn -0.00169 0.0061 -0.99998
vn -0.00124 0.00611 -0.99998
vn -0.79185 -0.00645 -0.61068
vn -0.79194 -0.00676 -0.61057
vn -0.00176 0.00611 -0.99998
vn 0.79013 0.01427 -0.61277
vn 0.79013 0.01453 -0.61277
vn 0.82915 0.55903 0.00116
vn 0.95767 0.28788 0.00013
vn 0.95817 0.2862 0.00018
vn 0.82915 0.55903 0.00116
vn 0.99898 -0.04523 -0.00104
vn 0.99895 -0.04584 -0.00103
vn 0.99688 -0.07899 -0.00115
vn 0.99689 -0.07884 -0.00115
vn 0.99688 -0.07892 -0.00116
vn 0.99685 -0.07927 -0.00116
vn 0.99316 -0.11678 -0.00127
vn 0.99314 -0.11692 -0.00127
vn -0.01325 0.92367 -0.38296
vn -0.01217 0.92106 0.38924
vn -0.01231 0.83624 -0.54823
vn -0.01101 0.83251 0.55391
vn 0.01133 -0.68343 0.72993
vn 0.00168 -0.00611 0.99998
vn 0.0121 -0.74254 0.66969
vn 0.00168 -0.00611 0.99998
vn 0.00169 -0.0061 0.99998
vn 0.00169 -0.0061 0.99998
vn 0.00523 -0.26655 0.96381
vn 0.00548 -0.28634 0.95811
vn 0.00224 -0.04462 0.999
vn -0.00073 0.16905 0.98561
vn -0.0032 0.90079 0.43424
vn -0.00335 0.96588 0.25895
vn -0.82902 -0.55921 -0.00116
vn -0.95763 -0.28799 -0.00013
vn -0.82903 -0.55921 -0.00116
vn -0.95828 -0.28583 1E-05
vn -0.99895 0.04571 0.00116
vn -0.999 0.04481 0.00103
vn -0.99688 0.07897 0.00115
vn -0.99689 0.07876 0.00116
vn -0.99688 0.07889 0.00116
vn -0.99687 0.07904 0.00115
vn -0.99313 0.11699 0.00126
vn -0.99313 0.11704 0.00126
vn 0.00873 -0.67627 -0.73661
vn 0.01035 -0.68124 0.73199
vn 0.00927 -0.73525 -0.67773
vn 0.01115 -0.73982 0.67271
vn -0.00168 0.00611 -0.99998
vn 0.00888 -0.67464 -0.73809
vn 0.00979 -0.73369 -0.67942
vn -0.00168 0.00611 -0.99998
vn -0.00168 0.00611 -0.99998
vn -0.00168 0.00611 -0.99998
vn 0.00199 -0.25553 -0.9668
vn 0.00223 -0.27406 -0.96171
vn -0.00402 0.17883 -0.98387
vn -0.00113 -0.03335 -0.99944
vn -0.00457 0.90528 -0.4248
vn -0.00417 0.96862 -0.24851
vn 0.9999 0.01379 -0.00083
vn 0.70541 0.7088 0.00216
vn 0.70535 0.70885 0.00196
vn 0.99992 0.0125 -0.00084
vn 0.72367 -0.69014 -0.00328
vn 0.72377 -0.69003 -0.00308
vn 0.9999 0.01376 -0.00083
vn 0.70541 0.70879 0.00216
vn 0.70534 0.70886 0.0019
vn 0.99992 0.01246 -0.00084
vn 0.72369 -0.69012 -0.00328
vn 0.72379 -0.69002 -0.0033
vn 0.9999 0.01378 -0.00083
vn 0.70532 0.70889 0.00216
vn 0.70532 0.70889 0.00179
vn 0.99992 0.01247 -0.00084
vn 0.72368 -0.69013 -0.00328
vn 0.72367 -0.69014 -0.0033
vn -0.72403 0.68976 0.00295
vn -0.01387 0.9999 0.0034
vn -0.01349 0.9999 0.0034
vn -0.72393 0.68987 0.00302
vn 0.70479 0.70942 0.00154
vn 0.70489 0.70932 0.00174
vn -0.72402 0.68977 0.00295
vn -0.01353 0.9999 0.0034
vn -0.01314 0.99991 0.0034
vn -0.72392 0.68987 0.00302
vn 0.70479 0.70941 0.00154
vn 0.70489 0.70931 0.00169
vn -0.72402 0.68977 0.00295
vn -0.01422 0.99989 0.0034
vn -0.01383 0.9999 0.0034
vn -0.72392 0.68988 0.00286
vn 0.70477 0.70944 0.00154
vn 0.70487 0.70934 0.00163
vn 0.00168 -0.00611 0.99998
vn 0.00168 -0.00611 0.99998
vn 0.00169 -0.00611 0.99998
vn 0.00168 -0.00611 0.99998
vn 0.00166 -0.00385 0.99999
vn 0.00169 -0.00611 0.99998
vn 0.00168 -0.0061 0.99998
vn 0.00168 -0.0061 0.99998
vn 0.00168 -0.0061 0.99998
vn 0.00168 -0.00611 0.99998
vn 0.00168 -0.0061 0.99998
vn 0.00169 -0.0061 0.99998
vn 0.00165 -0.00375 0.99999
vn 0.00169 -0.00611 0.99998
vn 0.0017 -0.00702 0.99997
vn 0.0017 -0.0061 0.99998
vn 0.00168 -0.00611 0.99998
vn 0.00168 -0.00611 0.99998
vn 0.00168 -0.00611 0.99998
vn 0.00168 -0.0061 0.99998
vn 0.00168 -0.00611 0.99998
vn 0.00169 -0.0061 0.99998
vn 0.00168 -0.00612 0.99998
vn 0.00168 -0.0061 0.99998
vn -0.99991 -0.01373 0.00083
vn -0.72369 0.69012 0.00324
vn -0.72378 0.69002 0.00328
vn -0.99992 -0.01244 0.00084
vn -0.70542 -0.70878 -0.00212
vn -0.70532 -0.70888 -0.00211
vn -0.99991 -0.01375 0.00083
vn -0.72368 0.69013 0.00324
vn -0.72378 0.69003 0.00306
vn -0.99992 -0.01247 0.00084
vn -0.70544 -0.70877 -0.00212
vn -0.70534 -0.70886 -0.00222
vn -0.99991 -0.01375 0.00083
vn -0.72367 0.69014 0.00324
vn -0.72367 0.69014 0.00345
vn -0.99992 -0.01246 0.00084
vn -0.70534 -0.70887 -0.00212
vn -0.70533 -0.70888 -0.00227
vn 0.01386 -0.9999 -0.0034
vn -0.7048 -0.70941 -0.00158
vn -0.7049 -0.7093 -0.00165
vn 0.01348 -0.9999 -0.0034
vn 0.72403 -0.68977 -0.00291
vn 0.72393 -0.68987 -0.00284
vn 0.0142 -0.99989 -0.0034
vn -0.70479 -0.70942 -0.00158
vn -0.70489 -0.70932 -0.00165
vn 0.01383 -0.9999 -0.0034
vn 0.72403 -0.68977 -0.00291
vn 0.72393 -0.68987 -0.00284
vn 0.01352 -0.9999 -0.0034
vn -0.70478 -0.70943 -0.00158
vn -0.70488 -0.70933 -0.00143
vn 0.01314 -0.99991 -0.0034
vn 0.724 -0.68979 -0.00291
vn 0.7239 -0.6899 -0.003
vn -0.00168 0.0061 -0.99998
vn -0.00169 0.0061 -0.99998
vn -0.00168 0.0061 -0.99998
vn -0.00169 0.0061 -0.99998
vn -0.00168 0.0061 -0.99998
vn -0.00169 0.00612 -0.99998
vn -0.00169 0.00611 -0.99998
vn -0.00172 0.00697 -0.99997
vn -0.00169 0.00611 -0.99998
vn -0.00168 0.00611 -0.99998
vn -0.00169 0.0061 -0.99998
vn -0.00168 0.0061 -0.99998
vn -0.00169 0.00611 -0.99998
vn -0.00169 0.00611 -0.99998
vn -0.00169 0.00612 -0.99998
vn -0.00169 0.0061 -0.99998
vn -0.00169 0.0061 -0.99998
vn -0.00169 0.0061 -0.99998
vn -0.00169 0.0061 -0.99998
vn -0.00168 0.0061 -0.99998
vn -0.00168 0.0061 -0.99998
vn -0.00168 0.00609 -0.99998
vn -0.00169 0.00611 -0.99998
vn -0.00171 0.00697 -0.99997
vn -0.00567 0.56937 0.82206
vn -0.00603 0.56935 0.82207
vn -0.00331 0.5695 0.82198
vn -0.0071 0.56857 0.82261
vn -0.00737 0.5687 0.82251
vn -0.00976 0.5688 0.82242
vn 0.99992 0.013 -0.00084
vn 0.99992 0.013 -0.00084
vn 0.99992 0.013 -0.00084
vn 0.99992 0.013 -0.00084
vn 0.99992 0.013 -0.00084
vn 0.82493 0.56523 0.00127
vn 0.82507 0.56504 0.00113
vn 0.82474 0.56551 0.00113
vn 0.82474 0.56551 0.00121
vn 0.83982 -0.54287 -0.00252
vn 0.83908 -0.544 -0.00258
vn 0.83976 -0.54295 -0.00245
vn 0.83908 -0.544 -0.00258
vn 0.8251 0.56499 0.00129
vn 0.82488 0.5653 0.00115
vn 0.82512 0.56495 0.00106
vn 0.82445 0.56593 0.00119
vn 0.83978 -0.54291 -0.00252
vn 0.83957 -0.54325 -0.00268
vn 0.83957 -0.54324 -0.00247
vn 0.83928 -0.54369 -0.00259
vn -0.0138 0.9999 0.0034
vn -0.0138 0.9999 0.0034
vn -0.0138 0.9999 0.0034
vn -0.0138 0.9999 0.0034
vn -0.0138 0.9999 0.0034
vn -0.0138 0.9999 0.0034
vn -0.0138 0.9999 0.0034
vn -0.0138 0.9999 0.0034
vn -0.0138 0.9999 0.00341
vn -0.0138 0.9999 0.0034
vn -0.0138 0.9999 0.0034
vn -0.0138 0.9999 0.00341
vn -0.00741 0.62707 0.77893
vn -0.00741 0.62707 0.77893
vn -0.00741 0.62707 0.77893
vn -0.00741 0.62707 0.77893
vn 0.99992 0.013 -0.00084
vn 0.99992 0.013 -0.00084
vn 0.99992 0.013 -0.00084
vn 0.99992 0.013 -0.00084
vn 0.99992 0.013 -0.00084
vn 0.99992 0.013 -0.00084
vn 0.99992 0.013 -0.00084
vn 0.99992 0.013 -0.00084
vn -0.0138 0.9999 0.0034
vn -0.0138 0.9999 0.0034
vn -0.0138 0.9999 0.0034
vn -0.0138 0.9999 0.0034
vn -0.01379 0.9999 0.0034
vn -0.0138 0.9999 0.0034
vn -0.01379 0.9999 0.0034
vn -0.01379 0.9999 0.0034
vn 0.00168 -0.00611 0.99998
vn 0.00168 -0.00611 0.99998
vn 0.00168 -0.00611 0.99998
vn 0.00168 -0.00611 0.99998
vn -0.99992 -0.013 0.00084
vn -0.99992 -0.013 0.00084
vn -0.99992 -0.013 0.00084
vn -0.99992 -0.013 0.00084
vn 0.0138 -0.9999 -0.0034
vn 0.0138 -0.9999 -0.0034
vn 0.0138 -0.9999 -0.0034
vn 0.0138 -0.9999 -0.0034
vn 0.0138 -0.9999 -0.0034
vn 0.0138 -0.9999 -0.0034
vn 0.0138 -0.9999 -0.0034
vn 0.0138 -0.9999 -0.0034
vn -0.00168 0.0061 -0.99998
vn -0.00168 0.00611 -0.99998
vn -0.00168 0.00611 -0.99998
vn -0.00168 0.0061 -0.99998
vn -0.01 0.63486 -0.77256
vn -0.01 0.63486 -0.77256
vn -0.01 0.63486 -0.77256
vn -0.01 0.63486 -0.77256
vn -0.00565 0.56924 0.82215
vn -0.00702 0.56885 0.82241
vn -0.00605 0.56919 0.82218
vn -0.0033 0.56896 0.82236
vn -0.00734 0.56891 0.82237
vn -0.00974 0.56943 0.82198
vn -0.99992 -0.013 0.00084
vn -0.99992 -0.013 0.00084
vn -0.99992 -0.013 0.00084
vn -0.99992 -0.01299 0.00084
vn -0.99992 -0.01299 0.00084
vn -0.83944 0.54345 0.00256
vn -0.83937 0.54355 0.00262
vn -0.83988 0.54277 0.00245
vn -0.83973 0.54299 0.00262
vn -0.82516 -0.56491 -0.00103
vn -0.82437 -0.56605 -0.00119
vn -0.82497 -0.56518 -0.00114
vn -0.82437 -0.56606 -0.00119
vn -0.83977 0.54293 0.00254
vn -0.83915 0.5439 0.00258
vn -0.83995 0.54266 0.00243
vn -0.83946 0.54341 0.0026
vn -0.82509 -0.56501 -0.00104
vn -0.82441 -0.56599 -0.00119
vn -0.82514 -0.56492 -0.00112
vn -0.82474 -0.56551 -0.00121
vn -0.99992 -0.013 0.00084
vn -0.99992 -0.013 0.00084
vn -0.99992 -0.013 0.00084
vn -0.99992 -0.013 0.00084
vn 0.0138 -0.9999 -0.0034
vn 0.0138 -0.9999 -0.0034
vn 0.0138 -0.9999 -0.0034
vn 0.0138 -0.9999 -0.0034
vn 0.0138 -0.9999 -0.0034
vn 0.0138 -0.9999 -0.0034
vn 0.0138 -0.9999 -0.0034
vn 0.01379 -0.9999 -0.0034
vn 0.0138 -0.9999 -0.0034
vn 0.0138 -0.9999 -0.0034
vn 0.0138 -0.9999 -0.0034
vn 0.0138 -0.9999 -0.0034
vn -0.00929 0.57866 -0.81551
vn -0.00938 0.57877 -0.81544
vn -0.00966 0.57853 -0.8156
vn -0.0092 0.5783 -0.81577
vn -0.00932 0.57819 -0.81585
vn -0.00894 0.57842 -0.81569
vn -0.0093 0.57866 -0.81551
vn -0.00937 0.5785 -0.81563
vn -0.00961 0.5785 -0.81562
vn -0.00919 0.57862 -0.81554
vn -0.00933 0.5782 -0.81584
vn -0.00896 0.57831 -0.81577
vn -0.0138 0.9999 0.0034
vn -0.79024 0.61279 0.00337
vn -0.0138 0.9999 0.0034
vn -0.79024 0.61279 0.00337
vn -0.78956 0.61128 -0.05409
vn -0.78946 0.61068 0.06184
vn -0.99992 -0.013 0.00084
vn -0.99992 -0.013 0.00084
vn -0.99992 -0.013 0.00084
vn -0.99992 -0.013 0.00084
vn 0.0217 -0.99976 -0.00341
vn 0.0217 -0.99976 -0.00341
vn 0.0217 -0.99976 -0.00341
vn 0.02169 -0.99976 -0.00341
vn 0.81926 0.57342 0.00122
vn 0.95527 0.29574 0.00016
vn 0.81926 0.57342 0.00122
vn 0.95506 0.2964 2E-05
vn 0.99889 -0.04711 -0.00104
vn 0.9989 -0.04682 -0.0011
vn 0.99683 -0.07957 -0.00115
vn 0.99684 -0.07941 -0.00115
vn 0.99695 -0.07808 -0.00114
vn 0.99688 -0.07891 -0.00115
vn 0.66664 -0.74537 -0.00371
vn 0.66665 -0.74536 -0.00375
vt 5.68521 -50.9605
vt 5.76963 -50.9752
vt 5.76963 -50.9605
vt 5.67547 -50.9752
vt 6.04799 -50.9605
vt 6.07721 -50.9752
vt 6.07721 -51.0125
vt 5.76963 -51.0125
vt 6.07721 -51.0308
vt 5.76963 -51.0308
vt 6.00641 -50.945
vt 5.99342 -50.945
vt 6.00641 -50.9622
vt 5.99192 -50.9423
vt 6.00792 -50.9423
vt 5.99992 -50.9353
vt 6.00427 -50.9335
vt 6.00607 -50.9291
vt 6.00792 -50.9248
vt 6.00599 -50.9241
vt 6.00458 -50.9214
vt 6.00427 -50.9248
vt 5.99992 -50.923
vt 5.99525 -50.9214
vt 5.99556 -50.9248
vt 5.99384 -50.9241
vt 5.99192 -50.9248
vt 5.99376 -50.9291
vt 5.99556 -50.9335
vt 5.99342 -50.9622
vt 6.03528 -51.0125
vt 5.96472 -51.0125
vt 6.02823 -51.0308
vt 6.01449 -50.9752
vt 5.98551 -50.9752
vt 5.97177 -51.0308
vt 6.00479 -50.9561
vt 6.008 -50.9464
vt 6.00479 -50.9464
vt 6.008 -50.9561
vt 6.008 -50.9617
vt 6.00479 -50.9617
vt 5.99184 -50.9561
vt 5.99505 -50.9464
vt 5.99184 -50.9464
vt 5.99505 -50.9561
vt 5.99505 -50.9617
vt 5.99184 -50.9617
vt 6.00903 -50.9605
vt 5.99097 -50.9605
vt 5.99992 -51.0786
vt 5.98994 -51.0556
vt 5.98994 -51.0786
vt 5.99992 -51.0556
vt 6.00989 -51.0786
vt 6.00989 -51.0556
vt 5.99933 -50.929
vt 6.00153 -50.9359
vt 6.0005 -50.929
vt 5.9983 -50.9359
vt 6.00771 -50.9425
vt 6.00421 -50.9335
vt 6.00641 -50.9449
vt 5.99342 -50.9449
vt 5.99212 -50.9425
vt 5.99562 -50.9335
vt 5.99212 -50.9286
vt 5.99385 -50.9292
vt 5.9941 -50.9286
vt 6.00771 -50.9286
vt 6.00599 -50.9292
vt 6.00573 -50.9286
vt 5.99491 -51.0227
vt 5.97042 -51.0023
vt 5.96866 -51.0227
vt 5.99491 -51.0023
vt 6.01301 -51.0136
vt 5.98682 -51.0136
vt 5.99992 -51.019
vt 6.01301 -50.9874
vt 6.01844 -51.0005
vt 5.98682 -50.9874
vt 5.99992 -50.982
vt 5.9814 -51.0005
vt 6.32453 -50.9906
vt 6.26467 -50.9906
vt 6.32453 -50.9999
vt 6.26467 -50.9999
vt 6.32453 -51.0093
vt 6.26467 -51.0093
vt 5.70685 -51.0046
vt 5.71408 -51.0046
vt 5.71408 -50.9953
vt 5.70685 -50.9953
vt 6.02593 -51.0077
vt 6.01839 -51.0057
vt 6.01839 -51.0077
vt 6.02593 -51.0057
vt 6.02593 -50.9921
vt 6.01839 -50.9921
vt 6.02593 -50.9941
vt 6.01839 -50.9941
vt 6.02149 -51.0005
vt 6.02267 -51.0005
vt 6.02267 -50.9993
vt 6.02149 -50.9993
vt 5.70685 -51.0079
vt 5.71408 -51.0079
vt 6.01839 -50.9999
vt 6.02593 -50.9956
vt 6.01839 -50.9956
vt 6.02593 -50.9999
vt 6.02593 -51.0042
vt 6.01839 -51.0042
vt 5.71408 -50.9919
vt 5.70685 -50.9919
vt 5.70685 -50.9999
vt 5.71408 -50.9999
vt 5.70685 -50.9956
vt 5.71408 -50.9956
vt 5.70685 -51.0043
vt 5.71408 -51.0043
vt 6.01029 -50.995
vt 6.02974 -50.995
vt 6.02974 -50.9918
vt 6.01029 -50.9918
vt 6.02974 -51.008
vt 6.01029 -51.0048
vt 6.01029 -51.008
vt 6.02974 -51.0048
vt 5.73438 -51.0048
vt 5.7214 -51.0048
vt 5.73438 -51.008
vt 5.7214 -51.008
vt 5.70195 -51.008
vt 5.70195 -51.0048
vt 5.73438 -50.9918
vt 5.7214 -50.9918
vt 5.73438 -50.995
vt 5.7214 -50.995
vt 5.70195 -50.995
vt 5.70195 -50.9918
vt 6.25897 -51.01
vt 6.07118 -50.9999
vt 6.07118 -51.01
vt 6.25897 -50.9999
vt 6.07118 -50.9898
vt 6.25897 -50.9898
vt 6.25647 -50.9999
vt 6.32453 -50.9868
vt 6.25647 -50.9868
vt 6.25647 -51.013
vt 6.32453 -51.013
vt 5.9973 -50.9918
vt 5.9973 -50.995
vt 5.9973 -51.0048
vt 5.9973 -51.008
vt 6.04799 -51.009
vt 6.07721 -51.0145
vt 6.07721 -50.9855
vt 6.04799 -50.991
vt 5.76963 -50.991
vt 5.76963 -51.009
vt 5.68521 -50.991
vt 5.68521 -51.009
vt 6.04589 -50.9949
vt 5.82311 -50.9687
vt 5.82311 -50.9949
vt 6.04589 -50.9687
vt 6.08217 -51.0314
vt 5.9995 -50.9686
vt 5.9995 -51.0314
vt 6.08217 -50.9686
vt 5.73533 -51.0098
vt 5.67547 -51.0005
vt 5.67547 -51.0098
vt 5.73533 -51.0005
vt 5.67547 -50.9911
vt 5.73533 -50.9911
vt 5.98161 -50.9335
vt 5.97407 -50.9292
vt 5.97407 -50.9335
vt 5.98161 -50.9292
vt 5.97407 -50.9286
vt 5.98161 -50.9286
vt 6.0005 -51.0308
vt 5.93406 -51.0572
vt 6.0005 -51.0572
vt 5.91783 -51.0308
vt 5.92279 -51.0125
vt 5.95411 -51.0227
vt 5.95411 -51.0125
vt 5.95411 -51.0023
vt 5.92279 -51.0308
vt 5.92279 -50.9752
vt 6.17689 -51.0023
vt 6.23037 -50.9752
vt 5.95201 -50.9605
vt 6.23037 -50.9605
vt 6.31479 -50.9605
vt 6.32453 -50.9752
vt 6.23037 -51.0125
vt 6.17689 -51.0227
vt 6.23037 -51.0308
vt 6.17689 -51.0125
vt 6.28592 -50.9335
vt 6.29315 -50.9335
vt 6.29315 -50.9291
vt 6.28592 -50.9291
vt 5.98971 -50.9464
vt 5.96377 -50.9617
vt 6.0027 -50.9617
vt 6.0027 -50.9561
vt 5.97026 -50.9464
vt 5.96377 -50.9561
vt 6.30454 -50.9617
vt 6.29805 -50.9464
vt 6.2786 -50.9464
vt 6.26562 -50.9617
vt 6.30454 -50.9561
vt 6.26562 -50.9561
vt 6.29315 -50.9423
vt 6.29315 -50.9248
vt 6.28592 -50.9423
vt 6.28592 -50.9248
vt 6.28592 -50.945
vt 6.28592 -50.9622
vt 6.29315 -50.9622
vt 6.29315 -50.945
vt 5.97733 -50.929
vt 5.9763 -50.9359
vt 5.97954 -50.9359
vt 5.97851 -50.929
vt 5.92882 -50.9904
vt 5.74103 -50.9904
vt 5.92882 -51.0005
vt 5.74103 -51.0005
vt 5.92882 -51.0106
vt 5.74103 -51.0106
vt 5.67547 -51.0136
vt 5.74353 -51.0136
vt 5.74353 -51.0005
vt 5.74353 -50.9874
vt 5.67547 -50.9874
vt 5.97407 -50.9449
vt 5.97407 -50.9622
vt 5.98161 -50.9622
vt 5.98161 -50.9449
vt 5.98161 -50.9425
vt 5.97407 -50.9425
vt 5.96146 -51.0556
vt 5.96146 -51.0786
vt 5.97143 -51.0786
vt 5.97143 -51.0556
vt 5.98141 -51.0786
vt 5.98141 -51.0556
vt 6.00008 -50.982
vt 6.00944 -50.9911
vt 6.01318 -50.9874
vt 6.00008 -50.9872
vt 5.99073 -50.9911
vt 5.98699 -50.9874
vt 5.98685 -51.0005
vt 5.98156 -51.0005
vt 5.98699 -51.0136
vt 5.99073 -51.0098
vt 6.00008 -51.019
vt 6.01318 -51.0136
vt 6.00944 -51.0098
vt 6.00008 -51.0137
vt 6.01332 -51.0005
vt 6.0186 -51.0005
vt 5.96864 -51.0572
vt 6.03136 -51.0308
vt 5.96864 -51.0308
vt 6.03136 -51.0572
vt 6.00495 -50.9561
vt 6.00495 -50.9617
vt 6.00816 -50.9617
vt 6.00816 -50.9561
vt 5.992 -50.9561
vt 5.992 -50.9617
vt 5.99521 -50.9617
vt 5.99521 -50.9561
vt 6.00816 -50.9464
vt 6.00495 -50.9464
vt 5.99521 -50.9464
vt 5.992 -50.9464
vt 5.9995 -50.929
vt 5.99847 -50.9359
vt 6.0017 -50.9359
vt 6.00067 -50.929
vt 5.99359 -50.9449
vt 6.00008 -50.9353
vt 5.99229 -50.9425
vt 6.00658 -50.9449
vt 5.99359 -50.9622
vt 6.00658 -50.9622
vt 6.00788 -50.9425
vt 6.00438 -50.9335
vt 6.00788 -50.9286
vt 6.00615 -50.9292
vt 6.0059 -50.9286
vt 5.99579 -50.9335
vt 5.99229 -50.9286
vt 5.99401 -50.9292
vt 5.99427 -50.9286
vt 6.00008 -51.0556
vt 6.01006 -51.0786
vt 6.01006 -51.0556
vt 6.00008 -51.0786
vt 5.99011 -51.0556
vt 5.99011 -51.0786
vt 6.00509 -51.0227
vt 6.02958 -51.0023
vt 6.00509 -51.0023
vt 6.03134 -51.0227
vt 5.99359 -50.945
vt 6.00658 -50.945
vt 5.99208 -50.9423
vt 6.00808 -50.9423
vt 5.99573 -50.9335
vt 5.99393 -50.9291
vt 5.99208 -50.9248
vt 5.99401 -50.9241
vt 5.99542 -50.9214
vt 6.00475 -50.9214
vt 6.00008 -50.923
vt 5.99573 -50.9248
vt 6.00444 -50.9248
vt 6.00624 -50.9291
vt 6.00616 -50.9241
vt 6.00808 -50.9248
vt 6.00444 -50.9335
vt 5.67547 -50.9906
vt 5.73533 -50.9999
vt 5.73533 -50.9906
vt 5.67547 -50.9999
vt 5.73533 -51.0093
vt 5.67547 -51.0093
vt 6.32453 -51.0145
vt 6.23037 -50.9855
vt 6.23037 -51.0145
vt 6.32453 -50.9855
vt 5.93406 -51.0314
vt 6.0005 -51.0314
vt 5.93406 -50.9686
vt 6.0005 -50.9686
vt 6.23037 -50.9718
vt 5.92279 -50.9718
vt 6.23037 -51.0282
vt 5.92279 -51.0282
vt 5.95411 -50.9949
vt 6.17689 -50.9949
vt 6.17689 -50.9704
vt 5.95411 -50.9704
vt 5.74103 -51.01
vt 5.92882 -51.01
vt 5.74103 -50.9999
vt 5.92882 -50.9999
vt 5.74103 -50.9898
vt 5.92882 -50.9898
vt 5.74353 -50.9868
vt 5.67547 -50.9868
vt 5.74353 -50.9999
vt 5.67547 -51.013
vt 5.74353 -51.013
vt 6.29315 -51.0064
vt 6.29315 -50.9934
vt 6.28592 -51.0064
vt 6.28592 -50.9934
vt 5.97407 -51.0064
vt 5.98161 -50.9934
vt 5.97407 -50.9934
vt 5.98161 -51.0064
vt 6.28592 -50.9999
vt 6.29315 -50.9999
vt 6.29315 -50.9956
vt 6.28592 -50.9956
vt 6.28592 -51.0043
vt 6.29315 -51.0043
vt 6.26467 -50.9911
vt 6.32453 -51.0005
vt 6.32453 -50.9911
vt 6.26467 -51.0005
vt 6.32453 -51.0098
vt 6.26467 -51.0098
vt 6.01839 -50.9292
vt 6.02593 -50.9335
vt 6.02593 -50.9292
vt 6.01839 -50.9286
vt 6.01839 -50.9335
vt 6.02593 -50.9286
vt 5.9995 -51.0572
vt 6.06594 -51.0572
vt 5.9995 -51.0308
vt 6.08217 -51.0308
vt 5.70685 -50.9291
vt 5.71408 -50.9335
vt 5.71408 -50.9291
vt 5.70685 -50.9335
vt 5.9973 -50.9617
vt 6.01029 -50.9464
vt 5.9973 -50.9561
vt 6.03623 -50.9617
vt 6.02974 -50.9464
vt 6.03623 -50.9561
vt 5.70195 -50.9464
vt 5.69546 -50.9617
vt 5.7214 -50.9464
vt 5.69546 -50.9561
vt 5.73438 -50.9617
vt 5.73438 -50.9561
vt 5.70685 -50.9248
vt 5.70685 -50.9423
vt 5.71408 -50.9248
vt 5.71408 -50.9423
vt 5.70685 -50.945
vt 5.71408 -50.9622
vt 5.71408 -50.945
vt 5.70685 -50.9622
vt 6.0237 -50.9359
vt 6.02149 -50.929
vt 6.02046 -50.9359
vt 6.02267 -50.929
vt 6.25897 -50.9904
vt 6.07118 -50.9904
vt 6.25897 -51.0005
vt 6.07118 -51.0005
vt 6.25897 -51.0106
vt 6.07118 -51.0106
vt 6.25647 -51.0136
vt 6.32453 -51.0136
vt 6.25647 -51.0005
vt 6.32453 -50.9874
vt 6.25647 -50.9874
vt 6.02593 -50.9622
vt 6.01839 -50.9449
vt 6.01839 -50.9622
vt 6.02593 -50.9449
vt 6.02593 -50.9425
vt 6.01839 -50.9425
vt 6.02857 -51.0556
vt 6.03854 -51.0786
vt 6.03854 -51.0556
vt 6.02857 -51.0786
vt 6.01859 -51.0556
vt 6.01859 -51.0786
vt 24.0171 -30.883
vt 23.9572 -30.9234
vt 24.0428 -30.9234
vt 23.9829 -30.883
vt 23.9658 -30.9424
vt 24.0342 -30.9424
vt 23.9658 -31.0885
vt 24.0342 -31.0885
vt 23.9658 -31.1029
vt 24.0342 -31.1029
vt 23.9658 -31.117
vt 24.0342 -31.117
vt 24.025 -31.0171
vt 24.025 -30.9829
vt 24.0023 -31.0171
vt 24.0023 -30.9829
vt 24.0019 -31.117
vt 23.9811 -31.1029
vt 23.9792 -31.117
vt 24.0039 -31.1029
vt 23.9818 -31.0885
vt 24.0045 -31.0885
vt 24.0023 -30.9424
vt 24.025 -30.9424
vt 24.025 -30.9234
vt 24.0023 -30.9234
vt 23.9977 -30.883
vt 23.975 -30.883
vt 24.0019 -31.0342
vt 24.0019 -30.9658
vt 23.9792 -31.0342
vt 23.9792 -30.9658
vt 24.0189 -31.1029
vt 23.9981 -31.117
vt 24.0208 -31.117
vt 23.9961 -31.1029
vt 24.0182 -31.0885
vt 23.9955 -31.0885
vt 23.9977 -30.9424
vt 23.975 -30.9424
vt 23.9977 -30.9234
vt 23.975 -30.9234
vt 24.0023 -30.883
vt 24.025 -30.883
vt 5.96727 -10.9513
vt 6.03273 -10.9448
vt 5.96727 -10.9448
vt 6.03273 -10.9513
vt 5.96727 -10.9578
vt 6.03273 -10.9578
vt 5.96727 -10.9708
vt 6.03273 -10.9643
vt 5.96727 -10.9643
vt 6.03273 -10.9708
vt 5.96727 -10.9773
vt 6.03273 -10.9773
vt 5.96727 -11.0487
vt 6.03273 -11.0422
vt 5.96727 -11.0422
vt 6.03273 -11.0487
vt 5.96727 -11.0552
vt 6.03273 -11.0552
vt 5.91883 -11.0327
vt 5.91234 -10.9673
vt 5.91234 -11.0327
vt 5.91883 -10.9673
vt 5.90585 -10.9673
vt 5.90585 -11.0327
vt 6.09415 -11.0327
vt 6.08766 -10.9673
vt 6.08766 -11.0327
vt 6.09415 -10.9673
vt 6.08117 -10.9673
vt 6.08117 -11.0327
vt 5.92857 -11.0327
vt 5.92208 -10.9673
vt 5.92208 -11.0327
vt 5.92857 -10.9673
vt 5.91559 -10.9673
vt 5.91559 -11.0327
vt 6.07143 -11.0552
vt 6.07792 -11.0395
vt 6.06875 -11.0487
vt 6.0871 -11.0487
vt 6.07792 -11.0579
vt 6.08441 -11.0552
vt 6.08441 -11.0422
vt 6.07143 -11.0422
vt 5.90585 -10.9773
vt 5.90585 -10.9643
vt 5.90316 -10.9708
vt 5.92151 -10.9708
vt 5.91234 -10.98
vt 5.91883 -10.9773
vt 5.91234 -10.9616
vt 5.91883 -10.9643
vt 6.08117 -10.9578
vt 6.08766 -10.9421
vt 6.07849 -10.9513
vt 6.09415 -10.9578
vt 6.08766 -10.9605
vt 6.09684 -10.9513
vt 6.09415 -10.9448
vt 6.08117 -10.9448
vt 6.07792 -11.0327
vt 6.07143 -10.9673
vt 6.07143 -11.0327
vt 6.07792 -10.9673
vt 6.08441 -11.0327
vt 6.08441 -10.9673
vt 5.9129 -11.0487
vt 5.92208 -11.0395
vt 5.91559 -11.0422
vt 5.92857 -11.0552
vt 5.92208 -11.0579
vt 5.91559 -11.0552
vt 5.93125 -11.0487
vt 5.92857 -11.0422
vt 6.07849 -10.9708
vt 6.08766 -10.9616
vt 6.08117 -10.9643
vt 6.09415 -10.9643
vt 6.09415 -10.9773
vt 6.08766 -10.98
vt 6.08117 -10.9773
vt 6.09684 -10.9708
vt 5.90316 -10.9513
vt 5.91234 -10.9421
vt 5.90585 -10.9448
vt 5.90585 -10.9578
vt 5.91883 -10.9578
vt 5.91234 -10.9605
vt 5.92151 -10.9513
vt 5.91883 -10.9448
vt 61.7796 -48.9715
vt 61.7796 -48.9572
vt 61.7747 -48.9644
vt 61.8287 -48.9572
vt 61.8287 -48.9715
vt 61.8336 -48.9644
vt 61.9969 -48.9897
vt 61.976 -48.9897
vt 61.9969 -49.0101
vt 61.9743 -49.0101
vt 61.9709 -48.9999
vt 61.9858 -48.9572
vt 62.0179 -48.9644
vt 62.0142 -48.9572
vt 61.9821 -48.9644
vt 61.9784 -48.9715
vt 62.0216 -48.9715
vt 62.1059 -49.0142
vt 62.155 -49.0142
vt 62.155 -48.9858
vt 62.1059 -48.9858
vt 62.1713 -49.0142
vt 62.2204 -49.0142
vt 62.2204 -48.9858
vt 62.1713 -48.9858
vt 62.0347 -48.9969
vt 62.2575 -48.9969
vt 62.2575 -48.976
vt 62.0347 -48.976
vt 62.2575 -48.9704
vt 62.1321 -48.9704
vt 62.2575 -48.9908
vt 62.1321 -48.9908
vt 62.0236 -48.9704
vt 61.964 -48.9908
vt 62.036 -48.9908
vt 61.9764 -48.9704
vt 62.0333 -49.0224
vt 61.9667 -49.0224
vt 62.0333 -49.0428
vt 61.9667 -49.0428
vt 61.7425 -49.0236
vt 61.8679 -49.0236
vt 61.8679 -48.9764
vt 61.7425 -48.9764
vt 61.8397 -49.0333
vt 61.8969 -49.0333
vt 61.8969 -48.9667
vt 61.8397 -48.9667
vt 62.1603 -49.0224
vt 62.1031 -49.0224
vt 62.1603 -49.0428
vt 62.1031 -49.0428
vt 62.1031 -49.0333
vt 62.1603 -49.0333
vt 62.1603 -48.9667
vt 62.1031 -48.9667
vt 62.1321 -49.036
vt 62.2575 -49.036
vt 62.2575 -48.964
vt 62.1321 -48.964
vt 61.8397 -49.0224
vt 61.8969 -49.0428
vt 61.8969 -49.0224
vt 61.8397 -49.0428
vt 61.7425 -48.9704
vt 61.8679 -48.9908
vt 61.8679 -48.9704
vt 61.7425 -48.9908
vt 61.845 -48.9715
vt 61.8941 -48.9572
vt 61.845 -48.9572
vt 61.8401 -48.9644
vt 61.8941 -48.9715
vt 61.899 -48.9644
vt 62.0031 -49.0101
vt 62.024 -48.9897
vt 62.0031 -48.9897
vt 62.0257 -49.0101
vt 62.0291 -48.9999
vt 61.7425 -48.9969
vt 61.9653 -48.9969
vt 61.9653 -48.9743
vt 61.7425 -48.9743
vt 61.845 -49.0216
vt 61.8941 -49.0216
vt 61.8941 -48.9784
vt 61.845 -48.9784
vt 61.7796 -49.0216
vt 61.8287 -49.0216
vt 61.8287 -48.9784
vt 61.7796 -48.9784
vt 62.155 -48.9572
vt 62.155 -48.9715
vt 62.1599 -48.9644
vt 62.1059 -48.9715
vt 62.1059 -48.9572
vt 62.101 -48.9644
vt 62.2204 -48.9572
vt 62.2204 -48.9715
vt 62.2253 -48.9644
vt 62.1713 -48.9715
vt 62.1713 -48.9572
vt 62.1664 -48.9644
vt 36.2919 -2.96864
vt 36.101 -2.96864
vt 36.2919 -3.03136
vt 36.101 -3.03136
vt 35.9686 -2.93002
vt 36.0314 -2.93002
vt 35.9843 -2.87277
vt 36.0157 -2.87277
vt 36.0392 -2.91174
vt 35.9608 -2.91174
vt 35.7081 -2.96864
vt 35.7081 -3.03136
vt 35.7314 -3.03136
vt 35.7314 -2.96864
vt 35.9686 -3.07078
vt 36.0314 -3.07078
vt 35.9686 -3.08466
vt 36.0314 -3.08466
vt 35.9686 -3.09829
vt 36.0314 -3.09829
usemtl mat1
f 209/150/209 210/151/210 211/152/211
f 210/151/210 209/150/209 212/153/212
f 210/151/210 213/154/213 211/152/211
f 213/154/213 210/151/210 214/155/214
f 214/155/214 210/151/210 215/156/215
f 216/157/216 215/156/215 210/151/210
f 215/156/215 216/157/216 217/158/217
f 218/159/218 217/158/217 216/157/216
f 219/160/219 220/161/220 221/162/221
f 219/160/219 222/163/222 220/161/220
f 222/163/222 219/160/219 223/164/223
f 223/164/223 224/165/224 222/163/222
f 224/165/224 223/164/223 225/166/225
f 223/164/223 226/167/226 225/166/225
f 223/164/223 227/168/227 226/167/226
f 228/169/228 226/167/226 227/168/227
f 227/168/227 229/170/229 228/169/228
f 230/171/230 229/170/229 231/172/231
f 229/170/229 232/173/232 231/172/231
f 229/170/229 230/171/230 228/169/228
f 226/167/226 228/169/228 230/171/230
f 233/174/233 232/173/232 234/175/234
f 232/173/232 235/176/235 234/175/234
f 232/173/232 233/174/233 231/172/231
f 234/175/234 236/177/236 233/174/233
f 236/177/236 222/163/222 237/178/237
f 222/163/222 236/177/236 235/176/235
f 236/177/236 234/175/234 235/176/235
f 222/163/222 224/165/224 237/178/237
f 221/162/221 220/161/220 238/179/238
f 239/180/239 240/181/240 241/182/241
f 242/183/242 240/181/240 239/180/239
f 240/181/240 242/183/242 243/184/243
f 241/182/241 240/181/240 244/185/244
f 245/186/245 246/187/246 247/188/247
f 246/187/246 245/186/245 248/189/248
f 245/186/245 249/190/249 248/189/248
f 249/190/249 245/186/245 250/191/250
f 251/192/251 252/193/252 253/194/253
f 252/193/252 251/192/251 254/195/254
f 251/192/251 255/196/255 254/195/254
f 255/196/255 251/192/251 256/197/256
f 257/184/257 258/198/258 259/199/259
f 258/198/258 257/184/257 260/183/260
f 261/192/261 262/196/262 263/195/263
f 262/196/262 261/192/261 264/197/264
f 265/186/265 266/190/266 267/189/267
f 266/190/266 265/186/265 268/191/268
f 269/200/269 270/201/270 271/202/271
f 270/201/270 269/200/269 272/203/272
f 273/204/273 272/203/272 269/200/269
f 272/203/272 273/204/273 274/205/274
f 275/206/275 276/207/276 277/208/277
f 276/207/276 275/206/275 278/209/278
f 279/165/279 280/210/280 281/211/281
f 280/210/280 279/165/279 282/212/282
f 282/212/282 279/165/279 283/213/283
f 283/213/283 279/165/279 284/214/284
f 284/214/284 279/165/279 285/215/285
f 285/215/285 286/216/286 284/214/284
f 286/216/286 285/215/285 287/217/287
f 288/218/288 286/216/286 287/217/287
f 282/212/282 283/213/283 289/162/289
f 289/162/289 283/213/283 290/179/290
f 291/219/291 281/211/281 280/210/280
f 281/211/281 291/219/291 292/220/292
f 291/219/291 293/221/293 292/220/292
f 294/222/294 295/223/295 296/224/296
f 295/223/295 294/222/294 297/225/297
f 296/224/296 295/223/295 298/181/298
f 299/226/299 300/227/300 301/228/301
f 300/227/300 299/226/299 302/229/302
f 302/229/302 299/226/299 303/230/303
f 302/229/302 304/231/304 300/227/300
f 304/231/304 302/229/302 305/232/305
f 300/227/300 304/231/304 306/233/306
f 307/234/307 308/235/308 309/236/309
f 310/237/310 309/236/309 308/235/308
f 309/236/309 310/237/310 311/238/311
f 312/239/312 311/238/311 310/237/310
f 313/240/313 314/241/314 315/242/315
f 313/240/313 315/242/315 316/243/316
f 317/244/317 318/245/318 319/246/319
f 318/245/318 317/244/317 320/247/320
f 321/248/321 322/249/322 323/250/323
f 324/251/324 323/250/323 322/249/322
f 325/252/325 326/253/326 327/254/327
f 325/252/325 327/254/327 328/255/328
f 329/256/329 330/257/330 331/241/331
f 329/256/329 331/241/331 332/240/332
f 333/258/333 334/259/334 335/260/335
f 334/259/334 333/258/333 336/261/336
f 336/261/336 333/258/333 337/262/337
f 338/263/338 337/262/337 333/258/333
f 339/243/339 340/242/340 341/264/341
f 339/243/339 341/264/341 342/265/342
f 343/266/343 344/267/344 345/268/345
f 344/267/344 346/269/346 345/268/345
f 347/270/347 348/271/348 349/266/349
f 348/271/348 350/267/350 349/266/349
f 351/272/351 352/273/352 353/274/353
f 351/272/351 353/274/353 354/275/354
f 355/276/355 356/277/356 357/278/357
f 356/277/356 355/276/355 358/279/358
f 359/280/359 360/281/360 361/282/361
f 362/283/362 361/282/361 360/281/360
f 360/281/360 363/284/363 362/283/362
f 363/284/363 360/281/360 364/285/364
f 365/286/365 366/287/366 367/288/367
f 368/289/368 367/288/367 366/287/366
f 366/287/366 369/290/369 368/289/368
f 369/290/369 366/287/366 370/291/370
f 371/292/371 372/293/372 373/294/373
f 372/293/372 371/292/371 374/295/374
f 374/295/374 375/296/375 372/293/372
f 375/296/375 374/295/374 376/297/376
f 377/298/377 378/299/378 379/300/379
f 378/299/378 377/298/377 380/236/380
f 381/301/381 380/236/380 377/298/377
f 380/236/380 381/301/381 382/302/382
f 383/272/383 384/303/384 385/304/385
f 384/303/384 383/272/383 386/275/386
f 387/278/387 388/305/388 389/306/389
f 388/305/388 387/278/387 390/277/390
f 391/307/391 392/308/392 393/309/393
f 391/307/391 393/309/393 394/310/394
f 395/311/395 391/307/391 394/310/394
f 391/307/391 395/311/395 396/312/396
f 395/311/395 397/313/397 396/312/396
f 398/314/398 396/312/396 397/313/397
f 399/315/399 400/316/400 401/317/401
f 400/316/400 399/315/399 402/318/402
f 403/319/403 404/320/404 405/321/405
f 404/320/404 403/319/403 406/322/406
f 407/323/407 408/324/408 409/325/409
f 408/324/408 407/323/407 410/326/410
f 410/326/410 411/327/411 408/324/408
f 411/327/411 410/326/410 412/328/412
f 413/329/413 414/330/414 415/331/415
f 414/330/414 413/329/413 416/332/416
f 416/332/416 417/333/417 414/330/414
f 417/333/417 416/332/416 418/334/418
f 419/335/419 420/336/420 421/337/421
f 420/336/420 419/335/419 422/338/422
f 423/339/423 424/340/424 425/341/425
f 426/342/426 423/339/423 425/341/425
f 424/340/424 423/339/423 427/343/427
f 423/339/423 426/342/426 428/344/428
f 429/345/429 428/344/428 426/342/426
f 428/344/428 429/345/429 430/346/430
f 428/344/428 430/346/430 431/347/431
f 432/348/432 431/347/431 430/346/430
f 430/346/430 433/349/433 432/348/432
f 433/349/433 430/346/430 434/350/434
f 435/351/435 430/346/430 429/345/429
f 435/351/435 436/352/436 437/353/437
f 436/352/436 435/351/435 438/354/438
f 435/351/435 429/345/429 438/354/438
f 427/343/427 436/352/436 424/340/424
f 436/352/436 427/343/427 437/353/437
f 439/355/439 440/356/440 441/357/441
f 439/355/439 441/357/441 442/358/442
f 443/359/443 444/360/444 445/361/445
f 443/359/443 445/361/445 446/362/446
f 447/363/447 444/360/444 443/359/443
f 444/360/444 447/363/447 448/364/448
f 449/365/449 450/366/450 451/367/451
f 451/367/451 452/368/452 449/365/449
f 450/366/450 449/365/449 453/369/453
f 452/368/452 451/367/451 454/370/454
f 455/371/455 456/372/456 457/373/457
f 457/373/457 456/372/456 458/374/458
f 459/375/459 460/376/460 461/377/461
f 461/377/461 462/378/462 459/375/459
f 463/379/463 464/380/464 465/381/465
f 465/381/465 466/382/466 463/379/463
f 467/383/467 468/384/468 469/385/469
f 470/386/470 469/385/469 468/384/468
f 469/385/469 470/386/470 471/387/471
f 472/388/472 471/387/471 470/386/470
f 473/389/473 474/390/474 475/391/475
f 473/389/473 475/391/475 476/324/476
f 476/324/476 475/391/475 477/392/477
f 476/324/476 477/392/477 478/393/478
f 479/359/479 480/360/480 481/361/481
f 479/359/479 481/361/481 482/362/482
f 483/363/483 480/360/480 479/359/479
f 480/360/480 483/363/483 484/364/484
f 485/365/485 486/366/486 487/367/487
f 487/367/487 488/368/488 485/365/485
f 486/366/486 485/365/485 489/369/489
f 488/368/488 487/367/487 490/370/490
f 491/375/491 492/378/492 493/371/493
f 491/375/491 493/371/493 494/373/494
f 495/394/495 496/395/496 497/396/497
f 497/396/497 498/397/498 495/394/495
f 495/394/495 498/397/498 499/398/499
f 495/394/495 499/398/499 500/399/500
f 499/398/499 501/334/501 500/399/500
f 500/399/500 501/334/501 502/333/502
f 503/357/503 504/374/504 505/358/505
f 504/374/504 503/357/503 506/372/506
f 507/400/507 508/401/508 509/402/509
f 509/402/509 510/403/510 507/400/507
f 510/403/510 509/402/509 511/404/511
f 511/404/511 512/405/512 510/403/510
f 513/406/513 514/407/514 515/408/515
f 514/407/514 513/406/513 516/409/516
f 513/406/513 517/410/517 516/409/516
f 513/406/513 518/411/518 517/410/517
f 519/412/519 517/410/517 518/411/518
f 518/411/518 520/413/520 519/412/519
f 521/414/521 519/412/519 520/413/520
f 519/412/519 521/414/521 522/415/522
f 523/416/523 522/415/522 521/414/521
f 523/416/523 524/417/524 525/418/525
f 523/416/523 525/418/525 526/419/526
f 522/415/522 523/416/523 526/419/526
f 527/420/527 524/417/524 528/421/528
f 524/417/524 527/420/527 525/418/525
f 515/408/515 527/420/527 528/421/528
f 527/420/527 515/408/515 514/407/514
f 529/407/529 530/418/530 531/420/531
f 529/407/529 532/419/532 530/418/530
f 532/419/532 529/407/529 533/409/533
f 534/410/534 532/419/532 533/409/533
f 532/419/532 534/410/534 535/415/535
f 535/415/535 534/410/534 536/412/536
f 537/422/537 538/423/538 539/424/539
f 538/423/538 537/422/537 540/425/540
f 541/426/541 542/427/542 543/428/543
f 541/426/541 543/428/543 544/429/544
f 545/430/545 546/431/546 547/432/547
f 545/430/545 547/432/547 548/433/548
f 549/429/549 550/434/550 551/426/551
f 552/435/552 551/426/551 550/434/550
f 553/433/553 554/436/554 555/430/555
f 556/437/556 555/430/555 554/436/554
f 557/438/557 558/439/558 559/440/559
f 557/438/557 559/440/559 560/441/560
f 561/442/561 562/443/562 563/444/563
f 562/443/562 561/442/561 564/445/564
f 565/446/565 564/445/564 561/442/561
f 564/445/564 565/446/565 566/447/566
f 567/448/567 562/443/562 564/445/564
f 562/443/562 567/448/567 568/449/568
f 568/449/568 567/448/567 569/450/569
f 568/449/568 569/450/569 570/451/570
f 569/450/569 571/452/571 570/451/570
f 563/444/563 562/443/562 572/453/572
f 573/454/573 563/444/563 572/453/572
f 573/454/573 572/453/572 574/455/574
f 573/454/573 574/455/574 575/456/575
f 576/430/576 577/431/577 578/432/578
f 576/430/576 578/432/578 579/433/579
f 580/426/580 581/427/581 582/428/582
f 580/426/580 582/428/582 583/429/583
f 584/184/584 585/180/585 586/183/586
f 584/184/584 587/181/587 585/180/585
f 588/185/588 585/180/585 587/181/587
f 585/180/585 588/185/588 589/182/589
f 590/457/590 591/458/591 592/459/592
f 590/457/590 593/460/593 591/458/591
f 594/461/594 593/460/593 590/457/590
f 594/461/594 595/462/595 593/460/593
f 596/463/596 597/464/597 598/465/598
f 597/464/597 596/463/596 599/466/599
f 600/180/600 597/464/597 599/466/599
f 601/467/601 602/446/602 603/447/603
f 601/467/601 603/447/603 604/468/604
f 604/468/604 605/469/605 601/467/601
f 605/469/605 604/468/604 606/470/606
f 605/469/605 606/470/606 607/443/607
f 605/469/605 607/443/607 608/471/608
f 609/472/609 605/469/605 608/471/608
f 605/469/605 609/472/609 610/473/610
f 609/472/609 611/474/611 610/473/610
f 612/475/612 610/473/610 611/474/611
f 613/476/613 612/475/612 614/477/614
f 612/475/612 615/478/615 614/477/614
f 615/478/615 612/475/612 611/474/611
f 611/474/611 609/472/609 615/478/615
f 614/477/614 616/479/616 613/476/613
f 617/480/617 618/481/618 616/479/616
f 613/476/613 616/479/616 618/481/618
f 618/481/618 617/480/617 619/482/619
f 619/482/619 613/476/613 618/481/618
f 606/470/606 619/482/619 617/480/617
f 606/470/606 617/480/617 620/483/620
f 607/443/607 606/470/606 620/483/620
f 621/484/621 622/485/622 623/486/623
f 622/485/622 621/484/621 624/487/624
f 624/487/624 625/488/625 622/485/622
f 625/488/625 624/487/624 626/489/626
f 627/490/627 628/491/628 629/492/629
f 628/491/628 627/490/627 630/493/630
f 631/494/631 632/495/632 633/496/633
f 632/495/632 634/497/634 633/496/633
f 635/498/635 636/499/636 637/500/637
f 638/501/638 637/500/637 636/499/636
f 639/502/639 640/503/640 641/504/641
f 639/502/639 641/504/641 642/505/642
f 643/506/643 644/507/644 645/508/645
f 646/509/646 645/508/645 644/507/644
f 645/508/645 646/509/646 647/510/647
f 648/511/648 647/510/647 646/509/646
f 649/487/649 650/512/650 651/513/651
f 649/487/649 652/514/652 650/512/650
f 653/515/653 652/514/652 649/487/649
f 653/515/653 654/516/654 652/514/652
f 655/517/655 656/518/656 657/519/657
f 657/519/657 656/518/656 658/520/658
f 659/521/659 660/522/660 661/523/661
f 659/521/659 662/524/662 660/522/660
f 663/525/663 664/526/664 665/527/665
f 663/525/663 665/527/665 666/528/666
f 667/529/667 668/530/668 669/526/669
f 667/529/667 669/526/669 670/525/670
f 671/531/671 672/532/672 673/533/673
f 672/532/672 671/531/671 674/534/674
f 674/534/674 675/535/675 672/532/672
f 675/535/675 674/534/674 676/536/676
f 677/537/677 678/538/678 679/539/679
f 679/539/679 680/540/680 677/537/677
f 678/538/678 677/537/677 681/541/681
f 680/540/680 679/539/679 682/542/682
f 683/543/683 684/544/684 685/545/685
f 686/546/686 685/545/685 684/544/684
f 687/547/687 688/548/688 689/549/689
f 688/548/688 687/547/687 690/550/690
f 691/551/691 692/552/692 693/553/693
f 692/552/692 691/551/691 694/554/694
f 692/552/692 694/554/694 695/555/695
f 695/555/695 694/554/694 696/556/696
f 697/557/697 698/558/698 699/559/699
f 698/558/698 697/557/697 700/560/700
f 699/559/699 698/558/698 701/561/701
f 699/559/699 701/561/701 702/562/702
f 703/563/703 704/564/704 705/565/705
f 705/565/705 704/564/704 706/566/706
f 707/567/707 708/568/708 709/569/709
f 708/568/708 707/567/707 710/570/710
f 711/571/711 712/572/712 713/573/713
f 712/572/712 711/571/711 714/574/714
f 715/575/715 716/576/716 717/577/717
f 718/578/718 717/577/717 716/576/716
f 717/577/717 718/578/718 719/579/719
f 720/580/720 719/579/719 718/578/718
f 721/532/721 722/581/722 723/582/723
f 721/532/721 724/583/724 722/581/722
f 725/584/725 724/583/724 721/532/721
f 725/584/725 726/585/726 724/583/724
f 727/551/727 728/552/728 729/553/729
f 728/552/728 727/551/727 730/554/730
f 728/552/728 730/554/730 731/555/731
f 731/555/731 730/554/730 732/556/732
f 733/557/733 734/558/734 735/559/735
f 734/558/734 733/557/733 736/560/736
f 735/559/735 734/558/734 737/561/737
f 735/559/735 737/561/737 738/562/738
f 739/566/739 740/564/740 741/567/741
f 739/566/739 741/567/741 742/569/742
f 743/563/743 744/549/744 745/565/745
f 744/549/744 743/563/743 746/547/746
f 747/586/747 748/587/748 749/588/749
f 748/587/748 747/586/747 750/589/750
f 751/590/751 748/587/748 750/589/750
f 751/590/751 752/591/752 748/587/748
f 753/542/753 752/591/752 751/590/751
f 754/540/754 752/591/752 753/542/753
f 755/592/755 756/593/756 757/594/757
f 756/593/756 755/592/755 758/595/758
f 759/596/759 758/595/758 755/592/755
f 758/595/758 759/596/759 760/597/760
f 761/598/761 762/599/762 763/600/763
f 762/599/762 761/598/761 764/601/764
f 763/600/763 762/599/762 765/602/765
f 765/602/765 766/603/766 763/600/763
f 765/602/765 767/604/767 766/603/766
f 768/605/768 766/603/766 767/604/767
f 768/605/768 767/604/767 769/606/769
f 769/606/769 770/607/770 768/605/768
f 770/607/770 769/606/769 771/608/771
f 771/608/771 772/609/772 770/607/770
f 773/610/773 774/611/774 775/612/775
f 775/612/775 774/611/774 776/613/776
f 777/614/777 778/615/778 779/616/779
f 778/615/778 777/614/777 780/617/780
f 780/617/780 781/618/781 778/615/778
f 781/618/781 780/617/780 782/619/782
f 782/619/782 783/620/783 781/618/781
f 783/620/783 782/619/782 784/621/784
f 783/620/783 784/621/784 785/622/785
f 783/620/783 785/622/785 786/623/786
f 785/622/785 787/624/787 786/623/786
f 788/625/788 786/623/786 787/624/787
f 789/601/789 790/600/790 791/598/791
f 790/600/790 789/601/789 792/599/792
f 790/600/790 792/599/792 793/603/793
f 793/603/793 792/599/792 794/602/794
f 794/602/794 795/605/795 793/603/793
f 794/602/794 796/604/796 795/605/795
f 796/604/796 797/607/797 795/605/795
f 797/607/797 796/604/796 798/606/798
f 798/606/798 799/609/799 797/607/797
f 800/608/800 799/609/799 798/606/798
f 801/626/801 802/627/802 803/628/803
f 803/628/803 802/627/802 804/629/804
f 805/630/805 806/631/806 807/632/807
f 805/630/805 808/633/808 806/631/806
f 809/634/809 808/633/808 805/630/805
f 809/634/809 810/635/810 808/633/808
f 810/635/810 809/634/809 811/636/811
f 812/637/812 810/635/810 811/636/811
f 813/638/813 812/637/812 811/636/811
f 813/638/813 814/639/814 812/637/812
f 813/638/813 815/640/815 814/639/814
f 815/640/815 813/638/813 816/641/816
f 817/642/817 818/643/818 819/644/819
f 818/643/818 817/642/817 820/645/820
f 821/646/821 820/645/820 817/642/817
f 820/645/820 821/646/821 822/647/822
f 823/648/823 824/649/824 825/650/825
f 824/649/824 823/648/823 826/651/826
f 827/652/827 826/651/826 823/648/823
f 826/651/826 827/652/827 828/653/828
f 829/654/829 830/655/830 831/656/831
f 830/655/830 829/654/829 832/657/832
f 833/658/833 832/657/832 829/654/829
f 832/657/832 833/658/833 834/659/834
f 835/660/835 836/661/836 837/662/837
f 836/661/836 835/660/835 838/663/838
f 839/664/839 837/662/837 836/661/836
f 837/662/837 839/664/839 840/665/840
f 841/666/841 842/667/842 843/668/843
f 842/667/842 841/666/841 844/669/844
f 845/670/845 843/668/843 842/667/842
f 843/668/843 845/670/845 846/671/846
f 847/672/847 848/673/848 849/674/849
f 848/673/848 847/672/847 850/675/850
f 851/676/851 849/674/849 848/673/848
f 849/674/849 851/676/851 852/677/852
f 853/678/853 854/679/854 855/680/855
f 853/678/853 856/681/856 854/679/854
f 857/682/857 856/681/856 853/678/853
f 856/681/856 857/682/857 858/683/858
f 854/679/854 856/681/856 859/684/859
f 855/680/855 854/679/854 860/685/860
f 861/686/861 862/687/862 863/688/863
f 861/686/861 864/689/864 862/687/862
f 865/690/865 864/689/864 861/686/861
f 864/689/864 865/690/865 866/691/866
f 862/687/862 864/689/864 867/692/867
f 867/692/867 864/689/864 868/693/868
f 869/694/869 870/695/870 871/696/871
f 870/695/870 869/694/869 872/697/872
f 872/697/872 869/694/869 873/698/873
f 870/695/870 872/697/872 874/699/874
f 870/695/870 874/699/874 875/700/875
f 871/696/871 870/695/870 876/701/876
f 877/642/877 878/643/878 879/644/879
f 878/643/878 877/642/877 880/645/880
f 881/646/881 880/645/880 877/642/877
f 880/645/880 881/646/881 882/647/882
f 883/648/883 884/649/884 885/650/885
f 884/649/884 883/648/883 886/651/886
f 887/652/887 886/651/886 883/648/883
f 886/651/886 887/652/887 888/653/888
f 889/654/889 890/655/890 891/656/891
f 890/655/890 889/654/889 892/657/892
f 893/658/893 892/657/892 889/654/889
f 892/657/892 893/658/893 894/659/894
f 895/668/895 896/670/896 897/671/897
f 896/670/896 895/668/895 898/667/898
f 898/667/898 899/666/899 900/669/900
f 899/666/899 898/667/898 895/668/895
f 901/662/901 902/664/902 903/665/903
f 902/664/902 901/662/901 904/661/904
f 904/661/904 905/660/905 906/663/906
f 905/660/905 904/661/904 901/662/901
f 907/702/907 908/703/908 909/704/909
f 908/703/908 907/702/907 910/705/910
f 910/705/910 911/706/911 912/707/912
f 911/706/911 910/705/910 907/702/907
f 913/708/913 914/709/914 915/710/915
f 913/708/913 916/711/916 914/709/914
f 916/711/916 913/708/913 917/712/917
f 917/712/917 913/708/913 918/713/918
f 919/714/919 914/709/914 916/711/916
f 914/709/914 919/714/919 920/715/920
f 921/716/921 922/717/922 923/718/923
f 922/717/922 921/716/921 924/719/924
f 921/716/921 925/720/925 924/719/924
f 925/720/925 921/716/921 926/721/926
f 926/721/926 921/716/921 927/722/927
f 924/719/924 925/720/925 928/723/928
f 929/724/929 930/725/930 931/726/931
f 932/727/932 930/725/930 929/724/929
f 933/728/933 930/725/930 932/727/932
f 933/728/933 932/727/932 934/729/934
f 935/730/935 930/725/930 933/728/933
f 930/725/930 935/730/935 936/731/936
usemtl mat2
f 937/732/937 938/733/938 939/734/939
f 937/732/937 940/735/940 938/733/938
f 941/736/941 940/735/940 937/732/937
f 940/735/940 941/736/941 942/737/942
f 943/738/943 944/739/944 945/740/945
f 944/739/944 946/741/946 945/740/945
f 946/741/946 944/739/944 947/742/947
f 948/743/948 949/744/949 950/745/950
f 951/746/951 949/744/949 948/743/948
f 952/744/952 953/747/953 954/748/954
f 953/747/953 952/744/952 955/746/955
f 956/743/956 957/744/957 958/745/958
f 959/746/959 957/744/957 956/743/956
f 960/744/960 961/747/961 962/748/962
f 961/747/961 960/744/960 963/746/963
f 964/749/964 965/750/965 966/751/966
f 964/749/964 966/751/966 967/752/967
f 968/753/968 969/754/969 970/755/970
f 968/753/968 970/755/970 971/756/971
f 972/757/972 973/758/973 974/759/974
f 972/757/972 974/759/974 975/760/975
f 976/761/976 977/762/977 978/763/978
f 979/764/979 978/763/978 977/762/977
f 980/765/980 981/766/981 982/767/982
f 981/766/981 980/765/980 983/768/983
f 984/769/984 985/770/985 986/771/986
f 986/771/986 985/770/985 987/772/987
f 988/773/988 989/774/989 990/775/990
f 988/773/988 990/775/990 991/776/991
f 992/777/992 993/778/993 994/779/994
f 992/777/992 994/779/994 995/780/995
f 996/781/996 997/782/997 998/783/998
f 999/784/999 998/783/998 997/782/997
f 1000/772/1000 1001/771/1001 1002/770/1002
f 1002/770/1002 1001/771/1001 1003/769/1003
f 1004/785/1004 1005/786/1005 1006/787/1006
f 1004/785/1004 1006/787/1006 1007/788/1007
f 1008/789/1008 1009/790/1009 1010/791/1010
f 1008/789/1008 1010/791/1010 1011/792/1011
f 1012/793/1012 1013/794/1013 1014/795/1014
f 1013/794/1013 1012/793/1012 1015/796/1015
f 1016/797/1016 1017/798/1017 1018/799/1018
f 1017/798/1017 1016/797/1016 1019/800/1019
f 1020/801/1020 1021/802/1021 1022/803/1022
f 1020/801/1020 1022/803/1022 1023/804/1023
f 1024/805/1024 1021/802/1021 1020/801/1020
f 1021/802/1021 1024/805/1024 1025/806/1025
f 1026/807/1026 1027/808/1027 1028/809/1028
f 1027/808/1027 1026/807/1026 1029/810/1029
f 1027/808/1027 1029/810/1029 1030/811/1030
f 1031/746/1031 1032/745/1032 1033/743/1033
f 1032/745/1032 1031/746/1031 1034/744/1034
f 1035/747/1035 1036/748/1036 1037/746/1037
f 1037/746/1037 1036/748/1036 1038/744/1038
f 1039/746/1039 1040/745/1040 1041/743/1041
f 1040/745/1040 1039/746/1039 1042/744/1042
f 1043/747/1043 1044/748/1044 1045/746/1045
f 1045/746/1045 1044/748/1044 1046/744/1046
f 1047/766/1047 1048/765/1048 1049/768/1049
f 1048/765/1048 1047/766/1047 1050/767/1050
f 1051/812/1051 1052/813/1052 1053/814/1053
f 1051/812/1051 1053/814/1053 1054/815/1054
f 1055/816/1055 1056/817/1056 1057/818/1057
f 1055/816/1055 1057/818/1057 1058/819/1058
f 1059/820/1059 1060/821/1060 1061/822/1061
f 1059/820/1059 1061/822/1061 1062/823/1062
f 1063/824/1063 1064/825/1064 1065/826/1065
f 1064/825/1064 1063/824/1063 1066/827/1066
f 1063/824/1063 1067/828/1067 1066/827/1066
f 1066/827/1066 1067/828/1067 1068/829/1068
f 1069/830/1069 1070/831/1070 1071/832/1071
f 1070/831/1070 1069/830/1069 1072/833/1072
f 1069/830/1069 1073/834/1073 1072/833/1072
f 1072/833/1072 1073/834/1073 1074/835/1074
usemtl mat3
f 1075/836/1075 1076/837/1076 1077/838/1077
f 1078/839/1078 1077/838/1077 1076/837/1076
f 1079/840/1079 1080/841/1080 1081/842/1081
f 1080/841/1080 1082/843/1082 1081/842/1081
f 1082/843/1082 1080/841/1080 1083/844/1083
f 1079/840/1079 1081/842/1081 1084/845/1084
f 1085/846/1085 1086/847/1086 1087/848/1087
f 1087/848/1087 1088/849/1088 1085/846/1085
f 1089/842/1089 1090/844/1090 1091/843/1091
f 1092/845/1092 1090/844/1090 1089/842/1089
f 1090/844/1090 1092/845/1092 1093/840/1093
f 1093/840/1093 1094/841/1094 1090/844/1090
f 1093/840/1093 1095/850/1095 1094/841/1094
f 1096/851/1096 1094/841/1094 1095/850/1095
f 1096/851/1096 1095/850/1095 1097/852/1097
f 1097/852/1097 1098/853/1098 1096/851/1096
f 1098/853/1098 1097/852/1097 1099/854/1099
f 1099/854/1099 1100/855/1100 1098/853/1098
# Vertices: 892, normals: 892, texture coordinates: 706, faces: 594

o obj3
v -0.01712681 0.20337756 -0.2552802
v -0.01605142 0.13961403 0.04659979
v -0.01636309 0.14071184 -0.31831452
v -0.01692216 0.20265682 -0.01575078
v -0.30542526 0.03958408 -0.30460316
v -0.30513716 0.0385693 0.03273685
v -0.30460802 -0.02327013 -0.30494508
v -0.30431995 -0.02428496 0.0323952
v -1.5541867 0.05955839 -0.11798685
v -1.55491352 0.12209368 -0.01166351
v -1.55500412 0.12241265 -0.11764491
v -1.55408907 0.05921458 -0.00368655
v -1.55448294 0.09059072 0.01355775
v -1.45997059 0.20192128 -0.22383384
v -1.44543958 0.22363441 -0.06121156
v -1.44556224 0.22406682 -0.20492861
v -1.45981574 0.20137581 -0.04249991
v -1.44502234 0.18018216 -0.24278347
v -1.44483531 0.17952381 -0.02383536
v -1.45997059 0.20192128 -0.22383384
v -1.45981574 0.20137581 -0.04249991
v -1.26453388 0.20462014 -0.22413826
v -1.25000298 0.22633305 -0.06151593
v -1.25012565 0.2267653 -0.20523319
v -1.26437914 0.20407459 -0.0428043
v -1.24958587 0.18288103 -0.24308781
v -1.24939895 0.18222244 -0.02413989
v -1.26453388 0.20462014 -0.22413826
v -1.26437914 0.20407459 -0.0428043
v -0.47549704 -0.02562977 -0.30467862
v -0.30460802 -0.02327013 -0.30494508
v -0.30431995 -0.02428496 0.0323952
v -0.47520897 -0.02664476 0.03266139
v -0.30542526 0.03958408 -0.30460316
v -0.47549704 -0.02562977 -0.30467862
v -0.47631425 0.03722429 -0.30433679
v -0.30460802 -0.02327013 -0.30494508
v -0.01712681 0.20337756 -0.2552802
v -0.39097723 0.1355391 -0.31773093
v -0.39174098 0.19820465 -0.25469658
v -0.01636309 0.14071184 -0.31831452
v -0.30513716 0.0385693 0.03273685
v -0.47602618 0.03620954 0.03300333
v -0.30431995 -0.02428496 0.0323952
v -0.47520897 -0.02664476 0.03266139
v -1.25012565 0.2267653 -0.20523319
v -1.24958587 0.18288103 -0.24308781
v -1.26453388 0.20462014 -0.22413826
v -1.10280061 0.18490756 -0.24331674
v -1.10334063 0.22879207 -0.20546186
v -1.08839226 0.20705198 -0.22441283
v -1.44556224 0.22406682 -0.20492861
v -1.44502234 0.18018216 -0.24278347
v -1.45997059 0.20192128 -0.22383384
v -1.29823709 0.18220919 -0.24301216
v -1.29877698 0.22609343 -0.20515734
v -1.28382874 0.20435366 -0.22410826
v -1.10334063 0.22879207 -0.20546186
v -1.25012565 0.2267653 -0.20523319
v -1.25000298 0.22633305 -0.06151593
v -1.10321772 0.22835982 -0.0617448
v -1.29877698 0.22609343 -0.20515734
v -1.44556224 0.22406682 -0.20492861
v -1.44543958 0.22363441 -0.06121156
v -1.2986542 0.22566119 -0.06144027
v -0.88935161 0.13160391 -0.11868216
v -0.88926107 0.13128518 -0.01270063
v -0.88853437 0.0687496 -0.11902396
v -0.88843673 0.06840555 -0.0047238
v -0.88883072 0.09978175 0.01252064
v -1.5541867 0.05955839 -0.11798685
v -0.88853437 0.0687496 -0.11902396
v -0.88843673 0.06840555 -0.0047238
v -1.55408907 0.05921458 -0.00368655
v -0.01692216 0.20265682 -0.01575078
v -0.39153638 0.1974843 -0.01516702
v -0.01605142 0.13961403 0.04659979
v -0.39066559 0.13444135 0.04718356
v -1.24939895 0.18222244 -0.02413989
v -1.10321772 0.22835982 -0.0617448
v -1.25000298 0.22633305 -0.06151593
v -1.26437914 0.20407459 -0.0428043
v -1.10261357 0.18424897 -0.02436858
v -1.0882374 0.20650691 -0.04307888
v -1.44483531 0.17952381 -0.02383536
v -1.2986542 0.22566119 -0.06144027
v -1.44543958 0.22363441 -0.06121156
v -1.45981574 0.20137581 -0.04249991
v -1.29805005 0.1815504 -0.0240639
v -1.28367388 0.20380811 -0.04277435
v -0.88926107 0.13128518 -0.01270063
v -1.55491352 0.12209368 -0.01166351
v -0.88883072 0.09978175 0.01252064
v -1.55448294 0.09059072 0.01355775
v -0.88843673 0.06840555 -0.0047238
v -1.55408907 0.05921458 -0.00368655
v -0.01712681 0.20337756 -0.2552802
v -0.39174098 0.19820465 -0.25469658
v -0.39153638 0.1974843 -0.01516702
v -0.01692216 0.20265682 -0.01575078
v -0.39097723 0.1355391 -0.31773093
v -0.01636309 0.14071184 -0.31831452
v -0.01605142 0.13961403 0.04659979
v -0.39066559 0.13444135 0.04718356
v -0.88935161 0.13160391 -0.11868216
v -1.5541867 0.05955839 -0.11798685
v -1.55500412 0.12241265 -0.11764491
v -0.88853437 0.0687496 -0.11902396
v -0.88935161 0.13160391 -0.11868216
v -1.55500412 0.12241265 -0.11764491
v -1.55491352 0.12209368 -0.01166351
v -0.88926107 0.13128518 -0.01270063
v -1.24958587 0.18288103 -0.24308781
v -1.10280061 0.18490756 -0.24331674
v -1.10261357 0.18424897 -0.02436858
v -1.24939895 0.18222244 -0.02413989
v -1.44502234 0.18018216 -0.24278347
v -1.29823709 0.18220919 -0.24301216
v -1.29805005 0.1815504 -0.0240639
v -1.44483531 0.17952381 -0.02383536
v -1.10321772 0.22835982 -0.0617448
v -1.08839226 0.20705198 -0.22441283
v -1.10334063 0.22879207 -0.20546186
v -1.0882374 0.20650691 -0.04307888
v -0.30542526 0.03958408 -0.30460316
v -0.47631425 0.03722429 -0.30433679
v -0.47602618 0.03620954 0.03300333
v -0.30513716 0.0385693 0.03273685
v -1.08839226 0.20705198 -0.22441283
v -1.10261357 0.18424897 -0.02436858
v -1.10280061 0.18490756 -0.24331674
v -1.0882374 0.20650691 -0.04307888
v -1.2986542 0.22566119 -0.06144027
v -1.28382874 0.20435366 -0.22410826
v -1.29877698 0.22609343 -0.20515734
v -1.28367388 0.20380811 -0.04277435
v -1.28382874 0.20435366 -0.22410826
v -1.29805005 0.1815504 -0.0240639
v -1.29823709 0.18220919 -0.24301216
v -1.28367388 0.20380811 -0.04277435
v -0.47549704 -0.02562977 -0.30467862
v -0.47520897 -0.02664476 0.03266139
v -0.47631425 0.03722429 -0.30433679
v -0.47602618 0.03620954 0.03300333
v -0.39097723 0.1355391 -0.31773093
v -0.39153638 0.1974843 -0.01516702
v -0.39174098 0.19820465 -0.25469658
v -0.39066559 0.13444135 0.04718356
vn 0.99992 0.01301 -0.00081
vn 0.99992 0.013 -0.00082
vn 0.99992 0.01301 -0.00081
vn 0.99992 0.013 -0.00082
vn 0.99992 0.01301 -0.00081
vn 0.99992 0.013 -0.00081
vn 0.99992 0.01301 -0.00081
vn 0.99992 0.013 -0.00081
vn -0.99992 -0.01301 0.00082
vn -0.99992 -0.013 0.00082
vn -0.99992 -0.01301 0.00082
vn -0.99992 -0.013 0.00082
vn -0.99992 -0.013 0.00083
vn -0.83912 0.54394 0.00235
vn -0.83912 0.54394 0.00235
vn -0.83912 0.54395 0.00235
vn -0.83912 0.54394 0.00235
vn -0.8244 -0.566 -0.001
vn -0.82439 -0.56602 -0.001
vn -0.8244 -0.566 -0.001
vn -0.82439 -0.56602 -0.001
vn -0.83912 0.54394 0.00235
vn -0.83912 0.54394 0.00235
vn -0.83912 0.54394 0.00235
vn -0.83912 0.54394 0.00235
vn -0.8244 -0.566 -0.001
vn -0.8244 -0.566 -0.001
vn -0.8244 -0.566 -0.001
vn -0.8244 -0.566 -0.001
vn 0.0138 -0.9999 -0.00302
vn 0.0138 -0.9999 -0.00302
vn 0.0138 -0.9999 -0.00302
vn 0.0138 -0.9999 -0.00302
vn -0.00163 0.00542 -0.99998
vn -0.00163 0.00542 -0.99998
vn -0.00163 0.00542 -0.99998
vn -0.00163 0.00542 -0.99998
vn -0.01089 0.70907 -0.70505
vn -0.01089 0.70907 -0.70505
vn -0.01089 0.70907 -0.70505
vn -0.01089 0.70907 -0.70505
vn 0.00163 -0.00541 0.99998
vn 0.00163 -0.00542 0.99998
vn 0.00163 -0.00542 0.99998
vn 0.00163 -0.00542 0.99998
vn -0.01019 0.65306 -0.75723
vn -0.01019 0.65306 -0.75723
vn -0.01018 0.65306 -0.75724
vn -0.0102 0.65307 -0.75723
vn -0.0102 0.65307 -0.75723
vn -0.01021 0.65307 -0.75723
vn -0.0102 0.65307 -0.75723
vn -0.0102 0.65307 -0.75723
vn -0.01019 0.65307 -0.75723
vn -0.0102 0.65307 -0.75723
vn -0.0102 0.65307 -0.75723
vn -0.01022 0.65306 -0.75724
vn -0.0138 0.9999 0.00302
vn -0.0138 0.9999 0.00302
vn -0.0138 0.9999 0.00302
vn -0.0138 0.9999 0.00302
vn -0.0138 0.9999 0.00302
vn -0.0138 0.9999 0.00302
vn -0.0138 0.9999 0.00302
vn -0.0138 0.9999 0.00302
vn 0.99992 0.013 -0.00082
vn 0.99992 0.013 -0.00082
vn 0.99992 0.013 -0.00082
vn 0.99992 0.01301 -0.00082
vn 0.99992 0.01301 -0.00082
vn 0.0138 -0.9999 -0.00302
vn 0.0138 -0.9999 -0.00302
vn 0.0138 -0.9999 -0.00302
vn 0.0138 -0.9999 -0.00302
vn -0.0086 0.70311 0.71103
vn -0.0086 0.70311 0.71103
vn -0.0086 0.70311 0.71103
vn -0.0086 0.70311 0.71103
vn -0.00773 0.64638 0.76298
vn -0.00774 0.64638 0.76297
vn -0.00773 0.64638 0.76298
vn -0.00772 0.64638 0.76298
vn -0.00774 0.64638 0.76297
vn -0.00776 0.64638 0.76297
vn -0.00773 0.64638 0.76297
vn -0.00774 0.64638 0.76297
vn -0.00773 0.64638 0.76297
vn -0.00773 0.64638 0.76297
vn -0.00774 0.64638 0.76297
vn -0.00775 0.64638 0.76297
vn -0.00741 0.6249 0.78067
vn -0.00741 0.6249 0.78067
vn 0.00021 0.09827 0.99516
vn 0.00023 0.09766 0.99522
vn 0.00801 -0.48156 0.87638
vn 0.00801 -0.48156 0.87638
vn -0.0138 0.9999 0.00302
vn -0.0138 0.9999 0.00302
vn -0.0138 0.9999 0.00302
vn -0.0138 0.9999 0.00302
vn 0.0138 -0.9999 -0.00302
vn 0.0138 -0.9999 -0.00302
vn 0.0138 -0.9999 -0.00302
vn 0.0138 -0.9999 -0.00302
vn -0.00163 0.00542 -0.99998
vn -0.00163 0.00542 -0.99998
vn -0.00163 0.00542 -0.99998
vn -0.00163 0.00542 -0.99998
vn -0.0138 0.9999 0.00302
vn -0.0138 0.9999 0.00302
vn -0.0138 0.9999 0.00302
vn -0.0138 0.9999 0.00302
vn 0.0138 -0.9999 -0.00302
vn 0.0138 -0.9999 -0.00302
vn 0.0138 -0.9999 -0.00302
vn 0.0138 -0.9999 -0.00302
vn 0.0138 -0.9999 -0.00302
vn 0.0138 -0.9999 -0.00302
vn 0.0138 -0.9999 -0.00302
vn 0.0138 -0.9999 -0.00302
vn 0.82441 0.56599 0.001
vn 0.82441 0.56599 0.001
vn 0.82441 0.56599 0.001
vn 0.82441 0.56599 0.001
vn -0.0138 0.9999 0.00302
vn -0.0138 0.9999 0.00302
vn -0.0138 0.9999 0.00302
vn -0.0138 0.9999 0.00302
vn 0.8391 -0.54397 -0.00235
vn 0.83911 -0.54395 -0.00235
vn 0.8391 -0.54397 -0.00235
vn 0.83912 -0.54395 -0.00235
vn 0.82441 0.56599 0.001
vn 0.8244 0.566 0.001
vn 0.8244 0.566 0.001
vn 0.82441 0.56599 0.001
vn 0.8391 -0.54397 -0.00235
vn 0.83911 -0.54396 -0.00235
vn 0.8391 -0.54397 -0.00235
vn 0.83911 -0.54396 -0.00235
vn -0.99992 -0.013 0.00081
vn -0.99992 -0.01301 0.00081
vn -0.99992 -0.013 0.00081
vn -0.99992 -0.01301 0.00081
vn -0.99992 -0.01301 0.00081
vn -0.99992 -0.01301 0.00081
vn -0.99992 -0.01301 0.00081
vn -0.99992 -0.01301 0.00081
vt 0 0
usemtl mat4
f 1101/856/1101 1102/856/1102 1103/856/1103
f 1102/856/1102 1101/856/1101 1104/856/1104
f 1105/856/1105 1106/856/1106 1107/856/1107
f 1107/856/1107 1106/856/1106 1108/856/1108
f 1109/856/1109 1110/856/1110 1111/856/1111
f 1110/856/1110 1109/856/1109 1112/856/1112
f 1110/856/1110 1112/856/1112 1113/856/1113
f 1114/856/1114 1115/856/1115 1116/856/1116
f 1115/856/1115 1114/856/1114 1117/856/1117
f 1118/856/1118 1119/856/1119 1120/856/1120
f 1120/856/1120 1119/856/1119 1121/856/1121
f 1122/856/1122 1123/856/1123 1124/856/1124
f 1123/856/1123 1122/856/1122 1125/856/1125
f 1126/856/1126 1127/856/1127 1128/856/1128
f 1128/856/1128 1127/856/1127 1129/856/1129
f 1130/856/1130 1131/856/1131 1132/856/1132
f 1130/856/1130 1132/856/1132 1133/856/1133
f 1134/856/1134 1135/856/1135 1136/856/1136
f 1135/856/1135 1134/856/1134 1137/856/1137
f 1138/856/1138 1139/856/1139 1140/856/1140
f 1139/856/1139 1138/856/1138 1141/856/1141
f 1142/856/1142 1143/856/1143 1144/856/1144
f 1145/856/1145 1144/856/1144 1143/856/1143
f 1146/856/1146 1147/856/1147 1148/856/1148
f 1147/856/1147 1146/856/1146 1149/856/1149
f 1146/856/1146 1150/856/1150 1149/856/1149
f 1149/856/1149 1150/856/1150 1151/856/1151
f 1152/856/1152 1153/856/1153 1154/856/1154
f 1153/856/1153 1152/856/1152 1155/856/1155
f 1152/856/1152 1156/856/1156 1155/856/1155
f 1155/856/1155 1156/856/1156 1157/856/1157
f 1158/856/1158 1159/856/1159 1160/856/1160
f 1158/856/1158 1160/856/1160 1161/856/1161
f 1162/856/1162 1163/856/1163 1164/856/1164
f 1162/856/1162 1164/856/1164 1165/856/1165
f 1166/856/1166 1167/856/1167 1168/856/1168
f 1167/856/1167 1169/856/1169 1168/856/1168
f 1169/856/1169 1167/856/1167 1170/856/1170
f 1171/856/1171 1172/856/1172 1173/856/1173
f 1171/856/1171 1173/856/1173 1174/856/1174
f 1175/856/1175 1176/856/1176 1177/856/1177
f 1178/856/1178 1177/856/1177 1176/856/1176
f 1179/856/1179 1180/856/1180 1181/856/1181
f 1179/856/1179 1181/856/1181 1182/856/1182
f 1183/856/1183 1180/856/1180 1179/856/1179
f 1180/856/1180 1183/856/1183 1184/856/1184
f 1185/856/1185 1186/856/1186 1187/856/1187
f 1185/856/1185 1187/856/1187 1188/856/1188
f 1189/856/1189 1186/856/1186 1185/856/1185
f 1186/856/1186 1189/856/1189 1190/856/1190
f 1191/856/1191 1192/856/1192 1193/856/1193
f 1194/856/1194 1193/856/1193 1192/856/1192
f 1193/856/1193 1194/856/1194 1195/856/1195
f 1196/856/1196 1195/856/1195 1194/856/1194
f 1197/856/1197 1198/856/1198 1199/856/1199
f 1197/856/1197 1199/856/1199 1200/856/1200
f 1201/856/1201 1202/856/1202 1203/856/1203
f 1201/856/1201 1203/856/1203 1204/856/1204
f 1205/856/1205 1206/856/1206 1207/856/1207
f 1206/856/1206 1205/856/1205 1208/856/1208
f 1209/856/1209 1210/856/1210 1211/856/1211
f 1209/856/1209 1211/856/1211 1212/856/1212
f 1213/856/1213 1214/856/1214 1215/856/1215
f 1213/856/1213 1215/856/1215 1216/856/1216
f 1217/856/1217 1218/856/1218 1219/856/1219
f 1217/856/1217 1219/856/1219 1220/856/1220
f 1221/856/1221 1222/856/1222 1223/856/1223
f 1224/856/1224 1222/856/1222 1221/856/1221
f 1225/856/1225 1226/856/1226 1227/856/1227
f 1225/856/1225 1227/856/1227 1228/856/1228
f 1229/856/1229 1230/856/1230 1231/856/1231
f 1230/856/1230 1229/856/1229 1232/856/1232
f 1233/856/1233 1234/856/1234 1235/856/1235
f 1236/856/1236 1234/856/1234 1233/856/1233
f 1237/856/1237 1238/856/1238 1239/856/1239
f 1238/856/1238 1237/856/1237 1240/856/1240
f 1241/856/1241 1242/856/1242 1243/856/1243
f 1243/856/1243 1242/856/1242 1244/856/1244
f 1245/856/1245 1246/856/1246 1247/856/1247
f 1246/856/1246 1245/856/1245 1248/856/1248
# Vertices: 148, normals: 148, texture coordinates: 1, faces: 80

