# File generated by ImageToStl.com - Free Image and 3D model conversion tools

mtllib augbodyfix.mtl

o obj1
v -0.58070135 -0.13669193 0.12744361
v -1.08149385 0.01637756 0.12880301
v -0.93380648 -0.08086717 0.12817509
v -1.04132152 -0.14338949 0.12805131
v -1.22992849 -0.08162881 0.12858124
v 0.49972308 0.03936794 0.12671676
v -1.43584728 -0.08605937 0.12884668
v -1.74212217 0.00677219 0.12967481
v 0.49890727 0.10791691 0.15892351
v -1.08230948 0.08492652 0.16101006
v -0.16794504 -0.25504947 0.126357
v 0.17210667 -0.4939422 0.12484598
v 0.43522483 -0.49011666 0.12449867
v 0.43366095 -0.54224455 0.12427381
v 0.42754552 -0.5935384 0.12405875
v 0.12619124 -0.59792018 0.12445633
v 0.1255589 -0.54672426 0.12468022
v -0.54679209 -0.24120972 0.12694114
v -0.18824314 -0.33840686 0.12602195
v 0.40249395 0.25317508 0.06446217
v -1.08421159 0.23155873 0.066424
v -1.48173046 -0.14002001 0.12867492
v -1.66023493 -0.09075807 0.12913652
v -1.55739093 -0.20351548 0.1285031
v -1.74089551 -0.09260195 0.12923999
v -1.48097801 -0.20096818 0.12840836
v -1.3667841 -0.51125973 0.12689848
v -1.28475404 -0.50810498 0.1267987
v -1.26390648 -0.56378061 0.12652729
v -1.16664362 -0.50502998 0.12664884
v -0.92976528 -0.55892235 0.12608647
v -1.12266159 -0.45109189 0.1268231
v -0.9305827 -0.49271464 0.12637602
v -1.03325796 -0.1937966 0.12782048
v -1.22850847 -0.19663554 0.12807812
v -1.04157794 -0.14243814 -0.12624672
v -1.04132152 -0.14338949 0.12805131
v -1.03325796 -0.1937966 0.12782048
v -1.0335145 -0.19284542 -0.12647739
v -0.9305827 -0.49271464 0.12637602
v -0.93083918 -0.49176329 -0.12792203
v -0.92976528 -0.55892235 0.12608647
v -0.93002176 -0.55797094 -0.12821156
v -1.48173046 -0.14002001 0.12867492
v -1.48198676 -0.13906935 -0.12562296
v -1.43610382 -0.08510789 -0.12545136
v -1.43584728 -0.08605937 0.12884668
v -1.48097801 -0.20096818 0.12840836
v -1.48123431 -0.20001686 -0.12588969
v -1.28475404 -0.50810498 0.1267987
v -1.28501058 -0.50715381 -0.12749919
v -1.08421159 0.23155873 0.066424
v 0.40249395 0.25317508 0.06446217
v -1.08433986 0.23203431 -0.06074156
v 0.40236551 0.25365072 -0.06270322
v -1.16664362 -0.50502998 0.12664884
v -1.28501058 -0.50715381 -0.12749919
v -1.28475404 -0.50810498 0.1267987
v -1.16689992 -0.50407881 -0.12764934
v -1.36704063 -0.51030833 -0.12739953
v -1.3667841 -0.51125973 0.12689848
v -1.54229498 -0.22672568 -0.12592161
v -1.55739093 -0.20351548 0.1285031
v -1.55764866 -0.20256452 -0.12579507
v -1.66023493 -0.09075807 0.12913652
v -1.66049123 -0.08980686 -0.1251615
v -1.12266159 -0.45109189 0.1268231
v -1.16689992 -0.50407881 -0.12764934
v -1.16664362 -0.50502998 0.12664884
v -1.12291813 -0.45014066 -0.12747505
v -1.22850847 -0.19663554 0.12807812
v -1.22876477 -0.19568434 -0.1262199
v -1.22992849 -0.08162881 0.12858124
v -1.23018479 -0.08067761 -0.12571678
v 0.12530267 -0.54577309 -0.12961769
v 0.17210667 -0.4939422 0.12484598
v 0.17185022 -0.49299097 -0.1294522
v 0.1255589 -0.54672426 0.12468022
v 0.12593472 -0.59696901 -0.1298416
v 0.12619124 -0.59792018 0.12445633
v 0.12593472 -0.59696901 -0.1298416
v 0.42728898 -0.59258729 -0.1302394
v 0.42754552 -0.5935384 0.12405875
v 0.12619124 -0.59792018 0.12445633
v -1.3667841 -0.51125973 0.12689848
v -1.36704063 -0.51030833 -0.12739953
v -1.26416278 -0.56282949 -0.1277706
v -1.26390648 -0.56378061 0.12652729
v -0.93002176 -0.55797094 -0.12821156
v -0.92976528 -0.55892235 0.12608647
v -0.54704845 -0.2402585 -0.12735674
v -0.1884995 -0.33745563 -0.12827608
v -0.54679209 -0.24120972 0.12694114
v -0.18824314 -0.33840686 0.12602195
v -0.16820142 -0.25409824 -0.12794101
v 0.17185022 -0.49299097 -0.1294522
v -0.16794504 -0.25504947 0.126357
v 0.17210667 -0.4939422 0.12484598
v 0.40236551 0.25365072 -0.06270322
v -1.08262992 0.08611414 -0.15660742
v -1.08433986 0.23203431 -0.06074156
v 0.49858701 0.10910478 -0.15869364
v -1.08175015 0.01732879 -0.12549499
v 0.49946672 0.04031944 -0.12758139
v -0.58095783 -0.13574071 -0.1268546
v -0.16820142 -0.25409824 -0.12794101
v 0.17185022 -0.49299097 -0.1294522
v 0.43496844 -0.48916525 -0.12979922
v 0.43340471 -0.5412932 -0.13002434
v 0.42728898 -0.59258729 -0.1302394
v 0.12593472 -0.59696901 -0.1298416
v 0.12530267 -0.54577309 -0.12961769
v -0.54704845 -0.2402585 -0.12735674
v -0.1884995 -0.33745563 -0.12827608
v -0.93406296 -0.07991596 -0.12612298
v -1.04157794 -0.14243814 -0.12624672
v -1.23018479 -0.08067761 -0.12571678
v -1.22876477 -0.19568434 -0.1262199
v -1.0335145 -0.19284542 -0.12647739
v -1.12291813 -0.45014066 -0.12747505
v -0.93083918 -0.49176329 -0.12792203
v -0.93002176 -0.55797094 -0.12821156
v -1.16689992 -0.50407881 -0.12764934
v -1.26416278 -0.56282949 -0.1277706
v -1.28501058 -0.50715381 -0.12749919
v -1.36704063 -0.51030833 -0.12739953
v -1.48123431 -0.20001686 -0.12588969
v -1.54229498 -0.22672568 -0.12592161
v -1.55764866 -0.20256452 -0.12579507
v -1.48198676 -0.13906935 -0.12562296
v -1.66049123 -0.08980686 -0.1251615
v -1.43610382 -0.08510789 -0.12545136
v -1.74237871 0.0077234 -0.12462336
v -1.74115229 -0.0916505 -0.12505803
v -0.54704845 -0.2402585 -0.12735674
v -0.58070135 -0.13669193 0.12744361
v -0.58095783 -0.13574071 -0.1268546
v -0.54679209 -0.24120972 0.12694114
v -1.04132152 -0.14338949 0.12805131
v -1.04157794 -0.14243814 -0.12624672
v -0.93406296 -0.07991596 -0.12612298
v -0.93380648 -0.08086717 0.12817509
v -0.58095783 -0.13574071 -0.1268546
v -0.58070135 -0.13669193 0.12744361
v -1.43610382 -0.08510789 -0.12545136
v -1.23018479 -0.08067761 -0.12571678
v -1.43584728 -0.08605937 0.12884668
v -1.22992849 -0.08162881 0.12858124
v -0.18824314 -0.33840686 0.12602195
v -0.1884995 -0.33745563 -0.12827608
v -0.16820142 -0.25409824 -0.12794101
v -0.16794504 -0.25504947 0.126357
v -1.7585144 -0.34707856 0.07486255
v -1.70578837 -0.16775157 0.03414161
v -1.72975016 -0.13939637 0.07572768
v -1.84690547 -0.14110003 0.07588219
v -1.72292638 -0.34640563 0.033387
v -1.72297525 -0.34622341 -0.0153297
v -1.70583749 -0.16756944 -0.01457494
v -1.73452234 -0.46864772 0.07429966
v -1.69895029 -0.4679749 0.03282411
v -1.73299098 -0.59054452 0.07376645
v -1.69744515 -0.58987218 0.03229083
v -1.69899964 -0.46779251 -0.0158926
v -1.84119296 -0.59211767 0.07390913
v -1.73162913 -0.70025182 0.0732865
v -1.87349153 -0.70231426 0.07347368
v -1.87720823 -0.5924859 0.03252802
v -1.85401034 -0.47038513 0.07445736
v -1.84432864 -0.34832633 0.07497594
v -1.88021851 -0.34869266 0.03359458
v -1.88994861 -0.470752 0.03307604
v -1.88999772 -0.47056973 -0.01564053
v -1.87725782 -0.59230363 -0.01618868
v -1.85414267 -0.4698928 -0.05711785
v -1.84132552 -0.59162551 -0.05766593
v -1.87362409 -0.70182204 -0.05810136
v -1.90955901 -0.70268315 0.03209273
v -1.90960813 -0.70250088 -0.01662412
v -1.73176169 -0.69975948 -0.05828859
v -1.73312378 -0.59005225 -0.05780873
v -1.69749427 -0.58968997 -0.01642588
v -1.69613981 -0.69939715 -0.01690562
v -1.6960907 -0.69957936 0.03181108
v -1.73465466 -0.46815568 -0.05727538
v -1.7586472 -0.34658641 -0.05671251
v -1.84703827 -0.14060788 -0.05569269
v -1.72988296 -0.1389043 -0.05584736
v -1.84446096 -0.34783411 -0.0565993
v -1.88026786 -0.34851032 -0.01512212
v -1.88282609 -0.14128369 -0.01421553
v -1.88277721 -0.14146595 0.03450103
v -1.73162913 -0.70025182 0.0732865
v -1.87349153 -0.70231426 0.07347368
v -1.73176169 -0.69975948 -0.05828859
v -1.87362409 -0.70182204 -0.05810136
v -1.90960813 -0.70250088 -0.01662412
v -1.90955901 -0.70268315 0.03209273
v -1.69613981 -0.69939715 -0.01690562
v -1.6960907 -0.69957936 0.03181108
v -1.84690547 -0.14110003 0.07588219
v -1.72975016 -0.13939637 0.07572768
v -1.84703827 -0.14060788 -0.05569269
v -1.88277721 -0.14146595 0.03450103
v -1.88282609 -0.14128369 -0.01421553
v -1.72988296 -0.1389043 -0.05584736
v -1.70583749 -0.16756944 -0.01457494
v -1.70578837 -0.16775157 0.03414161
vn 0.00138 -0.00436 0.99999
vn 0.00345 -0.14761 0.98904
vn 0.00138 -0.00436 0.99999
vn 0.00138 -0.00436 0.99999
vn 0.00138 -0.00436 0.99999
vn 0.00464 -0.23047 0.97307
vn 0.00138 -0.00436 0.99999
vn 0.00138 -0.00436 0.99999
vn 0.00184 -0.03609 0.99935
vn 0.00032 0.06818 0.99767
vn 0.00138 -0.00436 0.99999
vn 0.00138 -0.00436 0.99999
vn 0.00138 -0.00436 0.99999
vn 0.00138 -0.00436 0.99999
vn 0.00138 -0.00436 0.99999
vn 0.00138 -0.00436 0.99999
vn 0.00138 -0.00436 0.99999
vn 0.00138 -0.00436 0.99999
vn 0.00138 -0.00436 0.99999
vn -0.00676 0.54332 0.8395
vn -0.0068 0.54324 0.83955
vn 0.00138 -0.00436 0.99999
vn 0.00138 -0.00436 0.99999
vn 0.00138 -0.00436 0.99999
vn 0.00138 -0.00436 0.99999
vn 0.00138 -0.00436 0.99999
vn 0.00138 -0.00436 0.99999
vn 0.00138 -0.00436 0.99999
vn 0.00138 -0.00436 0.99999
vn 0.00138 -0.00436 0.99999
vn 0.00138 -0.00436 0.99999
vn 0.00138 -0.00436 0.99999
vn 0.00138 -0.00436 0.99999
vn 0.00138 -0.00436 0.99999
vn 0.00138 -0.00436 0.99999
vn 0.8928 -0.45044 -0.00297
vn 0.89281 -0.45043 -0.00298
vn 0.96937 0.24561 -5E-05
vn 0.96937 0.24561 -6E-05
vn 0.98494 0.17291 -0.00035
vn 0.98491 0.17305 -0.00034
vn 0.99992 0.01235 -0.00096
vn 0.99992 0.01235 -0.00096
vn 0.94065 -0.33937 -0.00222
vn 0.94072 -0.33919 -0.00222
vn 0.45141 -0.89231 -0.00388
vn 0.4514 -0.89231 -0.00388
vn 0.95815 0.28625 0.00011
vn 0.95808 0.28649 0.00011
vn 0.48739 0.87318 0.00312
vn 0.48739 0.87318 0.00312
vn -0.01453 0.99989 0.00375
vn -0.01453 0.99989 0.00375
vn -0.01453 0.99989 0.00375
vn -0.01453 0.99989 0.00375
vn -0.42283 0.9062 0.00396
vn 0.45241 0.89181 0.00271
vn 0.45241 0.89181 0.00271
vn -0.42283 0.9062 0.00396
vn -0.68013 -0.73309 -0.00211
vn -0.68019 -0.73303 -0.00208
vn -0.85079 -0.5255 -0.00103
vn -0.79763 -0.60314 -0.00205
vn -0.79743 -0.60341 -0.00145
vn -0.73771 -0.67511 -0.0018
vn -0.73785 -0.67497 -0.00178
vn -0.98919 0.14664 0.00155
vn -0.45763 0.88914 0.00388
vn -0.45762 0.88914 0.00388
vn -0.98912 0.1471 0.00155
vn -0.97917 -0.20302 0.00022
vn -0.97921 -0.20287 0.00023
vn -0.99992 -0.01235 0.00096
vn -0.99992 -0.01235 0.00096
vn -0.9382 0.34607 0.00224
vn -0.75134 0.6599 0.00322
vn -0.75141 0.65983 0.00323
vn -0.93801 0.34659 0.00224
vn -0.99992 -0.01235 0.00096
vn -0.99992 -0.01235 0.00096
vn 0.01453 -0.99989 -0.00375
vn 0.66523 -0.74663 -0.00351
vn 0.66523 -0.74663 -0.00367
vn 0.01453 -0.99989 -0.00376
vn -0.67617 -0.73674 -0.00203
vn -0.67617 -0.73674 -0.00201
vn -0.22244 -0.97494 -0.00342
vn -0.22259 -0.97491 -0.00342
vn 0.01453 -0.99989 -0.00375
vn 0.01453 -0.99989 -0.00376
vn -0.25813 -0.9661 -0.00336
vn -0.25818 -0.96609 -0.00335
vn -0.25822 -0.96608 -0.00334
vn -0.25808 -0.96612 -0.00336
vn -0.57147 -0.82062 -0.0025
vn -0.5712 -0.82081 -0.00249
vn -0.57124 -0.82078 -0.00249
vn -0.5712 -0.82081 -0.00249
vn -0.00907 0.55046 -0.83481
vn -0.00244 0.07748 -0.99699
vn -0.00911 0.55018 -0.83499
vn -0.00091 -0.02868 -0.99959
vn 0.00069 -0.13798 -0.99044
vn 0.00199 -0.22245 -0.97494
vn -0.00138 0.00436 -0.99999
vn -0.00138 0.00436 -0.99999
vn -0.00138 0.00436 -0.99999
vn -0.00138 0.00436 -0.99999
vn -0.00138 0.00436 -0.99999
vn -0.00138 0.00436 -0.99999
vn -0.00138 0.00436 -0.99999
vn -0.00138 0.00436 -0.99999
vn -0.00138 0.00436 -0.99999
vn -0.00138 0.00436 -0.99999
vn -0.00138 0.00436 -0.99999
vn -0.00138 0.00436 -0.99999
vn -0.00138 0.00436 -0.99999
vn -0.00138 0.00436 -0.99999
vn -0.00138 0.00436 -0.99999
vn -0.00138 0.00436 -0.99999
vn -0.00138 0.00436 -0.99999
vn -0.00138 0.00436 -0.99999
vn -0.00138 0.00436 -0.99999
vn -0.00138 0.00436 -0.99999
vn -0.00138 0.00436 -0.99999
vn -0.00138 0.00436 -0.99999
vn -0.00138 0.00436 -0.99999
vn -0.00138 0.00436 -0.99999
vn -0.00138 0.00436 -0.99999
vn -0.00138 0.00436 -0.99999
vn -0.00138 0.00436 -0.99999
vn -0.00138 0.00436 -0.99999
vn -0.00138 0.00436 -0.99999
vn -0.00138 0.00436 -0.99999
vn -0.94993 -0.31247 -0.00021
vn -0.94994 -0.31243 -0.00022
vn -0.94991 -0.31252 -0.00021
vn -0.94988 -0.31261 -0.00021
vn 0.91353 -0.40676 -0.00245
vn 0.91359 -0.40663 -0.00245
vn 0.18274 -0.98315 -0.00386
vn 0.18276 -0.98315 -0.00386
vn -0.15616 -0.98772 -0.00354
vn -0.15616 -0.98772 -0.00354
vn 0.41608 -0.90932 -0.00396
vn 0.0229 -0.99973 -0.00377
vn 0.41608 -0.90932 -0.00396
vn 0.02227 -0.99974 -0.00377
vn 0.97161 -0.23659 -0.00186
vn 0.97161 -0.23659 -0.00186
vn 0.97161 -0.23659 -0.00186
vn 0.97161 -0.23659 -0.00186
vn 0.39301 0.0092 0.91949
vn 0.92758 -0.10121 0.35965
vn 0.38699 -0.04943 0.92076
vn -0.41409 -0.0091 0.91019
vn 0.93859 0.03938 0.34279
vn 0.9378 0.04202 -0.34463
vn 0.92691 -0.09809 -0.36223
vn 0.43638 0.04293 0.89874
vn 0.93576 0.09447 0.33974
vn 0.41846 0.00122 0.90823
vn 0.938 0.01008 0.34649
vn 0.93499 0.09744 -0.34103
vn -0.36909 0.02657 0.92902
vn 0.41809 0.0012 0.90841
vn -0.47174 0.13499 0.87134
vn -0.92711 0.0866 0.36466
vn -0.43391 -0.00932 0.90091
vn -0.40446 0.00919 0.91451
vn -0.93497 0.03021 0.35344
vn -0.9389 -0.01313 0.34395
vn -0.93965 -0.01016 -0.34198
vn -0.92786 0.08976 -0.36197
vn -0.43621 -0.00149 -0.89984
vn -0.37145 0.03468 -0.9278
vn -0.47375 0.14245 -0.86906
vn -0.9097 0.2658 0.31904
vn -0.91026 0.26847 -0.31521
vn 0.41565 0.00912 -0.90948
vn 0.41615 0.00914 -0.90925
vn 0.93724 0.01311 -0.34843
vn 0.93715 0.01309 -0.34867
vn 0.938 0.01006 0.34648
vn 0.43407 0.05076 -0.89945
vn 0.39064 0.01713 -0.92038
vn -0.41655 -0.00117 -0.90911
vn 0.3848 -0.04146 -0.92207
vn -0.40678 0.01716 -0.91336
vn -0.93573 0.03328 -0.35114
vn -0.9374 -0.01005 -0.3481
vn -0.93655 -0.0131 0.3503
vn 0.01453 -0.99989 -0.00376
vn 0.01453 -0.99989 -0.00375
vn 0.01453 -0.99989 -0.00376
vn 0.01453 -0.99989 -0.00376
vn 0.01453 -0.99989 -0.00376
vn 0.01454 -0.99989 -0.00375
vn 0.01453 -0.99989 -0.00376
vn 0.01454 -0.99989 -0.00376
vn -0.01453 0.99989 0.00375
vn 0.25438 0.9671 0.00336
vn -0.01453 0.99989 0.00375
vn -0.01453 0.99989 0.00375
vn -0.01453 0.99989 0.00376
vn 0.25467 0.96702 0.00336
vn 0.76498 0.64405 0.00164
vn 0.76497 0.64406 0.00164
vt 36.0432 -2.97273
vt 35.899 -2.93002
vt 35.9413 -2.95649
vt 35.91 -2.97273
vt 35.8558 -2.95555
vt 36.356 -2.93002
vt 35.7963 -2.95593
vt 35.7081 -2.93002
vt 36.356 -2.91174
vt 35.899 -2.91174
vt 36.162 -3.00585
vt 36.2594 -3.07078
vt 36.3354 -3.07078
vt 36.3348 -3.08466
vt 36.3328 -3.09829
vt 36.2458 -3.09829
vt 36.2458 -3.08466
vt 36.0526 -3.00069
vt 36.1558 -3.02797
vt 36.3287 -2.87277
vt 35.899 -2.87277
vt 35.7828 -2.97012
vt 35.7314 -2.95632
vt 35.7607 -2.98674
vt 35.7081 -2.95649
vt 35.7828 -2.98636
vt 35.8147 -3.06943
vt 35.8384 -3.06891
vt 35.8442 -3.08382
vt 35.8725 -3.06855
vt 35.9408 -3.08382
vt 35.8855 -3.05436
vt 35.9408 -3.06618
vt 35.9122 -2.98618
vt 35.8558 -2.98618
vt 36.0314 -2.97273
vt 35.9686 -2.97273
vt 35.9686 -2.98618
vt 36.0314 -2.98618
vt 35.9686 -3.06618
vt 36.0314 -3.06618
vt 35.9686 -3.08382
vt 36.0314 -3.08382
vt 35.9686 -2.97012
vt 36.0314 -2.97012
vt 36.0314 -2.95593
vt 35.9686 -2.95593
vt 35.9686 -2.98636
vt 36.0314 -2.98636
vt 35.9686 -3.06891
vt 36.0314 -3.06891
vt 36.101 -2.98432
vt 35.6713 -2.98432
vt 36.101 -3.01568
vt 35.6713 -3.01568
vt 36.1275 -2.96864
vt 36.1616 -3.03136
vt 36.1616 -2.96864
vt 36.1275 -3.03136
vt 35.9686 -3.06943
vt 36.0314 -3.06943
vt 35.9686 -2.99323
vt 36.0314 -2.98674
vt 35.9686 -2.98674
vt 36.0314 -2.95632
vt 35.9686 -2.95632
vt 36.0314 -3.05436
vt 35.9686 -3.06855
vt 36.0314 -3.06855
vt 35.9686 -3.05436
vt 36.0314 -2.95555
vt 35.9686 -2.95555
vt 35.9686 -3.08466
vt 36.0314 -3.07078
vt 35.9686 -3.07078
vt 36.0314 -3.08466
vt 35.9686 -3.09829
vt 36.0314 -3.09829
vt 36.2458 -3.03136
vt 36.3328 -3.03136
vt 36.3328 -2.96864
vt 36.2458 -2.96864
vt 35.8147 -2.96864
vt 35.8147 -3.03136
vt 35.8442 -3.03136
vt 35.8442 -2.96864
vt 35.9408 -3.03136
vt 35.9408 -2.96864
vt 36.0526 -3.03136
vt 36.1558 -3.03136
vt 36.0526 -2.96864
vt 36.1558 -2.96864
vt 36.162 -3.03136
vt 36.2594 -3.03136
vt 36.162 -2.96864
vt 36.2594 -2.96864
vt 35.6713 -2.87277
vt 36.101 -2.91174
vt 36.101 -2.87277
vt 35.644 -2.91174
vt 36.101 -2.93002
vt 35.644 -2.93002
vt 35.9568 -2.97273
vt 35.838 -3.00585
vt 35.7406 -3.07078
vt 35.6646 -3.07078
vt 35.6652 -3.08466
vt 35.6672 -3.09829
vt 35.7542 -3.09829
vt 35.7542 -3.08466
vt 35.9474 -3.00069
vt 35.8442 -3.02797
vt 36.0587 -2.95649
vt 36.09 -2.97273
vt 36.1442 -2.95555
vt 36.1442 -2.98618
vt 36.0878 -2.98618
vt 36.1145 -3.05436
vt 36.0592 -3.06618
vt 36.0592 -3.08382
vt 36.1275 -3.06855
vt 36.1558 -3.08382
vt 36.1616 -3.06891
vt 36.1853 -3.06943
vt 36.2172 -2.98636
vt 36.2349 -2.99323
vt 36.2393 -2.98674
vt 36.2172 -2.97012
vt 36.2686 -2.95632
vt 36.2037 -2.95593
vt 36.2919 -2.93002
vt 36.2919 -2.95649
vt 35.9686 -3.00069
vt 36.0314 -3.00069
vt 35.91 -2.96864
vt 35.91 -3.03136
vt 35.9413 -3.03136
vt 35.9413 -2.96864
vt 36.0432 -3.03136
vt 36.0432 -2.96864
vt 35.7963 -3.03136
vt 35.8558 -3.03136
vt 35.7963 -2.96864
vt 35.8558 -2.96864
vt 35.9686 -3.02797
vt 36.0314 -3.02797
vt 36.0314 -3.00585
vt 35.9686 -3.00585
vt 0 0
usemtl mat0
f 1/1/1 2/2/2 3/3/3
f 2/2/2 4/4/4 3/3/3
f 4/4/4 2/2/2 5/5/5
f 2/2/2 1/1/1 6/6/6
f 2/2/2 7/7/7 5/5/5
f 8/8/8 7/7/7 2/2/2
f 2/2/2 9/9/9 10/10/10
f 2/2/2 6/6/6 9/9/9
f 6/6/6 1/1/1 11/11/11
f 12/12/12 6/6/6 11/11/11
f 6/6/6 12/12/12 13/13/13
f 12/12/12 14/14/14 13/13/13
f 14/14/14 12/12/12 15/15/15
f 15/15/15 12/12/12 16/16/16
f 16/16/16 12/12/12 17/17/17
f 18/18/18 11/11/11 1/1/1
f 11/11/11 18/18/18 19/19/19
f 10/10/10 9/9/9 20/20/20
f 10/10/10 20/20/20 21/21/21
f 22/22/22 7/7/7 23/23/23
f 7/7/7 8/8/8 23/23/23
f 24/24/24 22/22/22 23/23/23
f 25/25/25 23/23/23 8/8/8
f 22/22/22 24/24/24 26/26/26
f 24/24/24 27/27/27 26/26/26
f 28/28/28 26/26/26 27/27/27
f 27/27/27 29/29/29 28/28/28
f 30/30/30 28/28/28 29/29/29
f 29/29/29 31/31/31 30/30/30
f 31/31/31 32/32/32 30/30/30
f 32/32/32 31/31/31 33/33/33
f 33/33/33 34/34/34 32/32/32
f 4/4/4 35/35/35 34/34/34
f 35/35/35 32/32/32 34/34/34
f 35/35/35 4/4/4 5/5/5
f 36/36/36 37/37/37 38/38/38
f 38/38/38 39/39/39 36/36/36
f 39/39/39 38/38/38 40/40/40
f 41/41/41 39/39/39 40/40/40
f 41/41/41 40/40/40 42/42/42
f 42/42/42 43/43/43 41/41/41
f 44/44/44 45/45/45 46/46/46
f 46/46/46 47/47/47 44/44/44
f 45/45/45 44/44/44 48/48/48
f 48/48/48 49/49/49 45/45/45
f 49/49/49 48/48/48 50/50/50
f 51/51/51 49/49/49 50/50/50
f 52/52/52 53/53/53 54/54/54
f 55/55/55 54/54/54 53/53/53
f 56/56/56 57/57/57 58/58/58
f 57/57/57 56/56/56 59/59/59
f 60/60/60 61/61/61 62/62/62
f 62/62/62 61/61/61 63/63/63
f 63/63/63 64/64/64 62/62/62
f 65/65/65 64/64/64 63/63/63
f 64/64/64 65/65/65 66/66/66
f 67/67/67 68/68/68 69/69/69
f 68/68/68 67/67/67 70/70/70
f 71/39/71 70/70/70 67/67/67
f 70/70/70 71/39/71 72/38/72
f 73/71/73 72/38/72 71/39/71
f 72/38/72 73/71/73 74/72/74
f 75/73/75 76/74/76 77/75/77
f 76/74/76 75/73/75 78/76/78
f 79/77/79 78/76/78 75/73/75
f 78/76/78 79/77/79 80/78/80
f 81/79/81 82/80/82 83/81/83
f 81/79/81 83/81/83 84/82/84
f 85/83/85 86/84/86 87/85/87
f 87/85/87 88/86/88 85/83/85
f 87/85/87 89/87/89 88/86/88
f 89/87/89 90/88/90 88/86/88
f 91/89/91 92/90/92 93/91/93
f 92/90/92 94/92/94 93/91/93
f 95/93/95 96/94/96 97/95/97
f 96/94/96 98/96/98 97/95/97
f 99/97/99 100/98/100 101/99/101
f 100/98/100 99/97/99 102/100/102
f 100/98/100 102/100/102 103/101/103
f 104/102/104 103/101/103 102/100/102
f 103/101/103 104/102/104 105/103/105
f 105/103/105 104/102/104 106/104/106
f 104/102/104 107/105/107 106/104/106
f 104/102/104 108/106/108 107/105/107
f 109/107/109 107/105/107 108/106/108
f 110/108/110 107/105/107 109/107/109
f 111/109/111 107/105/107 110/108/110
f 107/105/107 111/109/111 112/110/112
f 106/104/106 113/111/113 105/103/105
f 113/111/113 106/104/106 114/112/114
f 103/101/103 105/103/105 115/113/115
f 116/114/116 103/101/103 115/113/115
f 103/101/103 116/114/116 117/115/117
f 118/116/118 117/115/117 116/114/116
f 118/116/118 116/114/116 119/117/119
f 120/118/120 118/116/118 119/117/119
f 119/117/119 121/119/121 120/118/120
f 122/120/122 120/118/120 121/119/121
f 120/118/120 122/120/122 123/121/123
f 123/121/123 122/120/122 124/122/124
f 124/122/124 125/123/125 123/121/123
f 124/122/124 126/124/126 125/123/125
f 127/125/127 125/123/125 126/124/126
f 126/124/126 128/126/128 127/125/127
f 127/125/127 128/126/128 129/127/129
f 129/127/129 130/128/130 127/125/127
f 131/129/131 130/128/130 129/127/129
f 130/128/130 131/129/131 132/130/132
f 133/131/133 132/130/132 131/129/131
f 133/131/133 131/129/131 134/132/134
f 103/101/103 132/130/132 133/131/133
f 132/130/132 103/101/103 117/115/117
f 135/133/135 136/36/136 137/37/137
f 136/36/136 135/133/135 138/134/138
f 139/135/139 140/136/140 141/137/141
f 141/137/141 142/138/142 139/135/139
f 141/137/141 143/139/143 142/138/142
f 143/139/143 144/140/144 142/138/142
f 145/141/145 146/142/146 147/143/147
f 146/142/146 148/144/148 147/143/147
f 149/145/149 150/146/150 151/147/151
f 151/147/151 152/148/152 149/145/149
f 153/149/153 154/149/154 155/149/155
f 155/149/155 156/149/156 153/149/153
f 153/149/153 157/149/157 154/149/154
f 154/149/154 157/149/157 158/149/158
f 158/149/158 159/149/159 154/149/154
f 157/149/157 153/149/153 160/149/160
f 160/149/160 161/149/161 157/149/157
f 158/149/158 157/149/157 161/149/161
f 162/149/162 163/149/163 161/149/161
f 163/149/163 164/149/164 161/149/161
f 161/149/161 164/149/164 158/149/158
f 161/149/161 160/149/160 162/149/162
f 162/149/162 165/149/165 166/149/166
f 166/149/166 163/149/163 162/149/162
f 165/149/165 162/149/162 160/149/160
f 165/149/165 167/149/167 166/149/166
f 167/149/167 165/149/165 168/149/168
f 169/149/169 168/149/168 165/149/165
f 160/149/160 169/149/169 165/149/165
f 169/149/169 160/149/160 153/149/153
f 153/149/153 170/149/170 169/149/169
f 169/149/169 170/149/170 171/149/171
f 171/149/171 172/149/172 169/149/169
f 168/149/168 169/149/169 172/149/172
f 171/149/171 173/149/173 172/149/172
f 172/149/172 173/149/173 174/149/174
f 172/149/172 174/149/174 168/149/168
f 175/149/175 176/149/176 174/149/174
f 174/149/174 173/149/173 175/149/175
f 177/149/177 174/149/174 176/149/176
f 178/149/178 168/149/168 174/149/174
f 174/149/174 177/149/177 179/149/179
f 174/149/174 179/149/179 178/149/178
f 168/149/168 178/149/178 167/149/167
f 180/149/180 177/149/177 176/149/176
f 176/149/176 181/149/181 180/149/180
f 180/149/180 181/149/181 182/149/182
f 182/149/182 183/149/183 180/149/180
f 182/149/182 163/149/163 183/149/183
f 184/149/184 183/149/183 163/149/163
f 163/149/163 166/149/166 184/149/184
f 164/149/164 182/149/182 181/149/181
f 163/149/163 182/149/182 164/149/164
f 185/149/185 181/149/181 176/149/176
f 181/149/181 185/149/185 164/149/164
f 185/149/185 186/149/186 158/149/158
f 186/149/186 185/149/185 175/149/175
f 176/149/176 175/149/175 185/149/185
f 158/149/158 164/149/164 185/149/185
f 187/149/187 188/149/188 186/149/186
f 186/149/186 189/149/189 187/149/187
f 175/149/175 189/149/189 186/149/186
f 186/149/186 188/149/188 159/149/159
f 159/149/159 158/149/158 186/149/186
f 187/149/187 189/149/189 190/149/190
f 190/149/190 189/149/189 175/149/175
f 190/149/190 191/149/191 187/149/187
f 190/149/190 171/149/171 191/149/191
f 171/149/171 190/149/190 173/149/173
f 175/149/175 173/149/173 190/149/190
f 192/149/192 191/149/191 171/149/171
f 171/149/171 156/149/156 192/149/192
f 156/149/156 171/149/171 170/149/170
f 156/149/156 170/149/170 153/149/153
f 193/149/193 194/149/194 195/149/195
f 194/149/194 196/149/196 195/149/195
f 194/149/194 197/149/197 196/149/196
f 194/149/194 198/149/198 197/149/197
f 195/149/195 199/149/199 193/149/193
f 199/149/199 200/149/200 193/149/193
f 201/149/201 202/149/202 203/149/203
f 203/149/203 204/149/204 201/149/201
f 203/149/203 205/149/205 204/149/204
f 202/149/202 206/149/206 203/149/203
f 202/149/202 207/149/207 206/149/206
f 202/149/202 208/149/208 207/149/207
# Vertices: 208, normals: 208, texture coordinates: 149, faces: 198

o obj2
v -0.6249665 0.29345706 -0.0344135
v -0.91640681 0.2340827 -0.05658051
v -0.9170652 0.28921118 -0.03401759
v -0.59061265 0.23881811 -0.05702214
v -1.88034701 0.27520791 -0.03271213
v -1.98077345 0.21861008 -0.05513817
v -1.97913504 0.07915118 -0.1399239
v -0.91476852 0.09462392 -0.14136627
v -1.97825766 0.01036145 -0.11138497
v -0.91389102 0.02583439 -0.11282733
v -0.70059246 0.35064799 -0.0233881
v -0.70053756 0.35042587 0.0292947
v -0.69979537 0.28607237 -0.02370621
v -0.70065367 0.36031657 0.03540323
v -0.70072114 0.3605895 -0.02943061
v -0.7010144 0.38694504 0.00313207
v -0.70111656 0.39379209 -0.0145804
v -0.70132565 0.41017091 -0.02158025
v -0.70153648 0.4266389 -0.02910511
v -0.7015568 0.42890173 -0.02148773
v -0.70167667 0.43909734 -0.01534751
v -0.70152014 0.42649254 -0.0144192
v -0.70158523 0.43318975 0.00335992
v -0.70163769 0.43893939 0.022126
v -0.70148325 0.42634335 0.02104342
v -0.70150518 0.42869249 0.02816582
v -0.70146888 0.42636567 0.03572873
v -0.70127398 0.40996134 0.02807362
v -0.70107961 0.3936426 0.02088222
v -0.69974059 0.28585026 0.02897643
v -0.91476852 0.09462392 -0.14136627
v -0.91447079 0.09341728 0.14483771
v -0.91389102 0.02583439 -0.11282733
v -0.91640681 0.2340827 -0.05658051
v -0.9162845 0.23358747 0.060936
v -0.91365325 0.02487123 0.11562316
v -0.66062266 0.30949602 -0.01706171
v -0.68353575 0.34579334 -0.03002177
v -0.68352211 0.34573767 -0.01685126
v -0.66063631 0.3095516 -0.03023219
v -0.66037726 0.28856465 -0.03033577
v -0.66036361 0.28850892 -0.01716532
v -0.66056776 0.30927417 0.0356211
v -0.68348092 0.34557125 0.02266119
v -0.68346721 0.34551585 0.03583166
v -0.66058153 0.30932978 0.02245061
v -0.66032243 0.28834274 0.02234704
v -0.66030878 0.28828716 0.03551765
v -0.5904904 0.23832282 0.06049453
v -0.6249665 0.29345706 -0.0344135
v -0.62489015 0.29314756 0.0390153
v -0.59061265 0.23881811 -0.05702214
v -1.70508051 0.29409048 0.0370366
v -1.70483518 0.27315983 0.02376268
v -1.7050941 0.29414576 0.02386612
v -1.70482159 0.27310455 0.03693313
v -1.70513535 0.29431227 -0.01564634
v -1.70489001 0.27338171 -0.02891999
v -1.70514917 0.29436767 -0.0288167
v -1.70487642 0.27332661 -0.01574966
v -1.75878501 -0.16650456 0.00192346
v -1.7741251 -0.08051396 0.04290275
v -1.77305913 -0.16688359 0.04247724
v -1.75985122 -0.080135 0.00234897
v -1.77314305 -0.16654229 -0.03859031
v -1.77420974 -0.08017214 -0.03816465
v -1.79006839 0.3948687 0.00725993
v -1.78616548 0.36892754 -0.00199352
v -1.79007363 0.39489013 0.00219068
v -1.78615189 0.36887202 0.01117679
v -1.77905083 0.37130785 0.0045932
v -1.77874827 0.34426668 -0.02695207
v -1.77915144 0.37805399 -0.01259416
v -1.7786324 0.33527219 -0.02192563
v -1.77857733 0.33505002 0.03075718
v -1.77868319 0.34400195 0.03587197
v -1.77911568 0.37790868 0.0218477
v -1.77932858 0.39630628 0.0361297
v -1.77930641 0.39399093 0.02953302
v -1.77933669 0.39633852 0.02852521
v -1.77782893 0.27018961 -0.02224648
v -1.77777386 0.26996744 0.03043648
v -1.77939391 0.39657092 -0.02669436
v -1.77935791 0.39420012 -0.02012071
v -1.77938581 0.39653683 -0.0185945
v -1.87009692 0.04170448 0.02335713
v -1.87093949 0.11793665 0.12301049
v -1.8699863 0.04125594 0.12974347
v -1.87104297 0.11835501 0.02373477
v -1.87044239 0.07952004 0.14613329
v -2.59930801 0.06563344 -0.04894704
v -2.59919763 0.06518487 0.05743918
v -2.59900141 0.04504167 0.00416091
v -2.60052204 0.16396573 -0.04846248
v -2.59993792 0.11488909 -0.07047141
v -2.60041142 0.16351745 0.05792375
v -2.60071802 0.18410888 0.00484629
v -2.59978199 0.11425709 0.0794785
v -2.8349061 0.07585758 0.04264737
v -2.62776041 0.07886884 0.04236673
v -2.83476543 0.06146464 0.00457779
v -2.62761998 0.06447597 0.00429714
v -2.83498502 0.07617811 -0.03334698
v -2.62783957 0.07918915 -0.03362779
v -0.70167667 0.43909734 -0.01534751
v -0.72667676 0.43873411 -0.0153136
v -0.72663784 0.43857619 0.0221599
v -0.70163769 0.43893939 0.022126
v -1.80543303 0.39619276 -0.02665904
v -1.77938581 0.39653683 -0.0185945
v -1.77939391 0.39657092 -0.02669436
v -1.80542493 0.39615867 -0.01855917
v -1.80536795 0.3959277 0.03616486
v -1.77932858 0.39630628 0.0361297
v -1.80537605 0.39595997 0.02856038
v -1.77933669 0.39633852 0.02852521
v -1.79007363 0.39489013 0.00219068
v -1.79413867 0.39483085 0.00219626
v -1.79413319 0.3948099 0.0072655
v -1.79006839 0.3948687 0.00725993
v -0.70153648 0.4266389 -0.02910511
v -0.72653663 0.42627561 -0.02907124
v -0.72667676 0.43873411 -0.0153136
v -0.70167667 0.43909734 -0.01534751
v -1.77905083 0.37130785 0.0045932
v -1.8051548 0.37752971 0.02188301
v -1.77911568 0.37790868 0.0218477
v -1.80509043 0.3709293 0.00462849
v -1.80519032 0.37767524 -0.012559
v -1.77915144 0.37805399 -0.01259416
v -0.70163769 0.43893939 0.022126
v -0.72663784 0.43857619 0.0221599
v -0.72646916 0.42600247 0.03576267
v -0.70146888 0.42636567 0.03572873
v -0.7010144 0.38694504 0.00313207
v -0.72601461 0.38658154 0.00316586
v -0.70107961 0.3936426 0.02088222
v -0.72607964 0.39327875 0.02091615
v -0.70111656 0.39379209 -0.0145804
v -0.7261166 0.3934283 -0.01454645
v -0.7010144 0.38694504 0.00313207
v -0.72601461 0.38658154 0.00316586
v -1.75048828 0.33006027 0.02410716
v -1.81774926 0.32908216 0.02419852
v -1.81773567 0.32902664 0.03736883
v -1.75047445 0.33000466 0.03727764
v -1.81780434 0.32930431 -0.02848446
v -1.75052929 0.33022669 -0.01540515
v -1.75054312 0.33028233 -0.02857548
v -1.81779003 0.32924899 -0.01531413
v -0.79531765 0.30753833 -0.01687926
v -0.75082636 0.34475932 -0.01675999
v -0.79533148 0.30759391 -0.03004958
v -0.75084007 0.34481487 -0.02993049
v -0.68353575 0.34579334 -0.03002177
v -0.68352211 0.34573767 -0.01685126
v -0.79526293 0.30731618 0.03580355
v -0.75077152 0.34453723 0.03592296
v -0.79527658 0.3073718 0.02263305
v -0.75078517 0.34459275 0.02275248
v -0.68348092 0.34557125 0.02266119
v -0.68346721 0.34551585 0.03583166
v -2.60901833 0.15249309 -0.03632516
v -1.95935464 0.17745414 0.00389851
v -1.95920348 0.16193956 -0.03720589
v -2.60916972 0.1680088 0.00477922
v -1.95911813 0.16159377 0.04484951
v -2.60893321 0.1521467 0.04573027
v -2.60071802 0.18410888 0.00484629
v -2.83593059 0.16009396 0.05824301
v -2.60041142 0.16351745 0.05792375
v -2.83623767 0.18068561 0.00516522
v -2.60052204 0.16396573 -0.04846248
v -2.83604145 0.16054219 -0.04814321
v -1.75048828 0.33006027 0.02410716
v -1.70508051 0.29409048 0.0370366
v -1.7050941 0.29414576 0.02386612
v -1.75047445 0.33000466 0.03727764
v -1.75054312 0.33028233 -0.02857548
v -1.70513535 0.29431227 -0.01564634
v -1.70514917 0.29436767 -0.0288167
v -1.75052929 0.33022669 -0.01540515
v -1.88034701 0.27520791 -0.03271213
v -1.98077345 0.21861008 -0.05513817
v -1.98065114 0.2181145 0.06237866
v -1.88027072 0.27489835 0.04071653
v -0.91698891 0.28890169 0.03941119
v -0.9170652 0.28921118 -0.03401759
v -0.62489015 0.29314756 0.0390153
v -0.6249665 0.29345706 -0.0344135
v -1.87009692 0.04170448 0.02335713
v -1.09910035 0.05246138 0.12869877
v -1.09921098 0.05290984 0.02231241
v -1.8699863 0.04125594 0.12974347
v -1.99544358 0.01016723 -0.12453201
v -1.70909238 0.01325369 0.12937652
v -1.70935702 0.01432597 -0.12491974
v -1.9951787 0.00909521 0.12976412
v -2.62783957 0.07918915 -0.03362779
v -2.83543491 0.11137591 -0.04888077
v -2.83498502 0.07617811 -0.03334698
v -2.6282897 0.11438695 -0.04916155
v -2.83585262 0.14644617 -0.03300075
v -2.62870693 0.14945722 -0.0332814
v -1.77915144 0.37805399 -0.01259416
v -1.80539751 0.39382169 -0.02008556
v -1.80519032 0.37767524 -0.012559
v -1.77935791 0.39420012 -0.02012071
v -1.80542493 0.39615867 -0.01855917
v -1.77938581 0.39653683 -0.0185945
v -1.70909238 0.01325369 0.12937652
v -1.93780899 -0.08946285 0.12919821
v -1.70786595 -0.08612025 0.12888668
v -1.9951787 0.00909521 0.12976412
v -1.97883773 0.07794461 0.14628023
v -1.8699863 0.04125594 0.12974347
v -1.87044239 0.07952004 0.14613329
v -1.87093949 0.11793665 0.12301049
v -1.97802019 0.0093983 0.11706567
v -1.98065114 0.2181145 0.06237866
v -1.10005379 0.12914309 0.12196559
v -0.9162845 0.23358747 0.060936
v -1.88027072 0.27489835 0.04071653
v -0.91698891 0.28890169 0.03941119
v -0.62489015 0.29314756 0.0390153
v -0.5904904 0.23832282 0.06049453
v -0.91447079 0.09341728 0.14483771
v -1.09910035 0.05246138 0.12869877
v -0.91365325 0.02487123 0.11562316
v -1.09955668 0.09072683 0.14508843
v -0.7261166 0.3934283 -0.01454645
v -0.70111656 0.39379209 -0.0145804
v -0.70132565 0.41017091 -0.02158025
v -0.72632575 0.40980744 -0.02154632
v -1.75047445 0.33000466 0.03727764
v -1.83951783 0.27114609 0.03711574
v -1.70482159 0.27310455 0.03693313
v -1.70508051 0.29409048 0.0370366
v -1.81773567 0.32902664 0.03736883
v -1.83977675 0.29213211 0.03721905
v -0.66030878 0.28828716 0.03551765
v -0.68346721 0.34551585 0.03583166
v -0.75077152 0.34453723 0.03592296
v -0.79500377 0.28632915 0.03570009
v -0.66056776 0.30927417 0.0356211
v -0.79526293 0.30731618 0.03580355
v -0.70065367 0.36031657 0.03540323
v -0.70146888 0.42636567 0.03572873
v -0.72565389 0.35995305 0.03543717
v -0.72646916 0.42600247 0.03576267
v -0.72553784 0.35006252 0.02932847
v -0.72474074 0.28548673 0.02901036
v -0.69974059 0.28585026 0.02897643
v -0.70053756 0.35042587 0.0292947
v -1.79413319 0.3948099 0.0072655
v -1.7973547 0.36870921 0.01119192
v -1.78615189 0.36887202 0.01117679
v -1.79006839 0.3948687 0.00725993
v -1.95911813 0.16159377 0.04484951
v -2.60893321 0.1521467 0.04573027
v -1.95863318 0.1236494 0.06138933
v -2.60844803 0.11420401 0.06226986
v -1.95818329 0.08585236 0.04447624
v -2.60799837 0.07640696 0.04535713
v -2.83471704 0.06176163 0.05775843
v -2.59919763 0.06518487 0.05743918
v -2.59978199 0.11425709 0.0794785
v -2.83530092 0.11083347 0.07979777
v -2.60041142 0.16351745 0.05792375
v -2.83593059 0.16009396 0.05824301
v -1.75052929 0.33022669 -0.01540515
v -1.83957243 0.27136827 -0.0155672
v -1.70487642 0.27332661 -0.01574966
v -1.70513535 0.29431227 -0.01564634
v -1.81779003 0.32924899 -0.01531413
v -1.83983159 0.29235411 -0.01546375
v -0.66036361 0.28850892 -0.01716532
v -0.68352211 0.34573767 -0.01685126
v -0.75082636 0.34475932 -0.01675999
v -0.79505867 0.28655127 -0.01698272
v -0.66062266 0.30949602 -0.01706171
v -0.79531765 0.30753833 -0.01687926
v -0.72553784 0.35006252 0.02932847
v -0.70053756 0.35042587 0.0292947
v -0.70065367 0.36031657 0.03540323
v -0.72565389 0.35995305 0.03543717
v -1.80461693 0.33467156 0.0307925
v -1.80381346 0.26958895 0.03047164
v -1.77777386 0.26996744 0.03043648
v -1.77857733 0.33505002 0.03075718
v -1.77868319 0.34400195 0.03587197
v -1.80472255 0.34362295 0.03590715
v -1.77932858 0.39630628 0.0361297
v -1.80536795 0.3959277 0.03616486
v -0.70132565 0.41017091 -0.02158025
v -0.7265203 0.42612919 -0.01438549
v -0.72632575 0.40980744 -0.02154632
v -0.70152014 0.42649254 -0.0144192
v -1.84316087 -0.08151758 0.04299632
v -1.84209442 -0.16788703 0.04257066
v -1.80755997 -0.16745588 0.05921889
v -1.80862641 -0.08108586 0.0596444
v -1.77305913 -0.16688359 0.04247724
v -1.7741251 -0.08051396 0.04290275
v -2.83623767 0.18068561 0.00516522
v -2.83577347 0.14612558 0.04299377
v -2.83593059 0.16009396 0.05824301
v -2.83599234 0.16083914 0.00506748
v -2.83585262 0.14644617 -0.03300075
v -2.83604145 0.16054219 -0.04814321
v -2.83543491 0.11137591 -0.04888077
v -2.83545756 0.11146577 -0.07015233
v -2.83482742 0.06221017 -0.04862794
v -2.83498502 0.07617811 -0.03334698
v -2.83452106 0.04161813 0.00448002
v -2.83471704 0.06176163 0.05775843
v -2.8349061 0.07585758 0.04264737
v -2.83476543 0.06146464 0.00457779
v -2.83532357 0.11092306 0.05852758
v -2.83530092 0.11083347 0.07979777
v -2.62862754 0.14913696 0.04271296
v -2.62776041 0.07886884 0.04236673
v -2.62817764 0.11393438 0.05824663
v -2.62761998 0.06447597 0.00429714
v -2.62884712 0.16385013 0.00478699
v -2.62870693 0.14945722 -0.0332814
v -2.62783957 0.07918915 -0.03362779
v -2.6282897 0.11438695 -0.04916155
v -1.9380734 -0.08839089 -0.1250979
v -1.9951787 0.00909521 0.12976412
v -1.99544358 0.01016723 -0.12453201
v -1.93780899 -0.08946285 0.12919821
v -1.83979034 0.29218739 0.02404873
v -1.83953142 0.27120146 0.02394543
v -1.83951783 0.27114609 0.03711574
v -1.83977675 0.29213211 0.03721905
v -1.83984518 0.29240951 -0.0286341
v -1.83958626 0.27142355 -0.02873752
v -1.83957243 0.27136827 -0.0155672
v -1.83983159 0.29235411 -0.01546375
v -1.83977675 0.29213211 0.03721905
v -1.81773567 0.32902664 0.03736883
v -1.83979034 0.29218739 0.02404873
v -1.81774926 0.32908216 0.02419852
v -1.83983159 0.29235411 -0.01546375
v -1.81779003 0.32924899 -0.01531413
v -1.83984518 0.29240951 -0.0286341
v -1.81780434 0.32930431 -0.02848446
v -1.79413867 0.39483085 0.00219626
v -1.79736829 0.36876485 -0.0019784
v -1.7973547 0.36870921 0.01119192
v -1.79413319 0.3948099 0.0072655
v -1.80467129 0.33489361 -0.02189031
v -1.80509043 0.3709293 0.00462849
v -1.80478764 0.34388813 -0.02691676
v -1.80461693 0.33467156 0.0307925
v -1.80386853 0.26981115 -0.02221115
v -1.80381346 0.26958895 0.03047164
v -1.80472255 0.34362295 0.03590715
v -1.8051548 0.37752971 0.02188301
v -1.80536795 0.3959277 0.03616486
v -1.80534625 0.39361259 0.02956833
v -1.80537605 0.39595997 0.02856038
v -1.80519032 0.37767524 -0.012559
v -1.80543303 0.39619276 -0.02665904
v -1.80539751 0.39382169 -0.02008556
v -1.80542493 0.39615867 -0.01855917
v -0.79533148 0.30759391 -0.03004958
v -0.79507232 0.28660655 -0.03015304
v -0.79505867 0.28655127 -0.01698272
v -0.79531765 0.30753833 -0.01687926
v -0.79527658 0.3073718 0.02263305
v -0.79501754 0.28638443 0.02252962
v -0.79500377 0.28632915 0.03570009
v -0.79526293 0.30731618 0.03580355
v -1.98077345 0.21861008 -0.05513817
v -1.97883773 0.07794461 0.14628023
v -1.98065114 0.2181145 0.06237866
v -1.97913504 0.07915118 -0.1399239
v -1.97825766 0.01036145 -0.11138497
v -1.97802019 0.0093983 0.11706567
v -1.85747576 -0.0815541 0.00248127
v -1.84209442 -0.16788703 0.04257066
v -1.84316087 -0.08151758 0.04299632
v -1.85640979 -0.16792357 0.00205576
v -1.84324503 -0.08117571 -0.03807122
v -1.84217906 -0.16754547 -0.03849673
v -1.09921098 0.05290984 0.02231241
v -1.10005379 0.12914309 0.12196559
v -1.10015702 0.12956175 0.02269018
v -1.09910035 0.05246138 0.12869877
v -1.09955668 0.09072683 0.14508843
v -0.72559267 0.35028461 -0.02335417
v -0.72479558 0.28570873 -0.02367246
v -0.72474074 0.28548673 0.02901036
v -0.72553784 0.35006252 0.02932847
v -0.72572136 0.36022624 -0.02939671
v -0.72565389 0.35995305 0.03543717
v -0.72601461 0.38658154 0.00316586
v -0.7261166 0.3934283 -0.01454645
v -0.72632575 0.40980744 -0.02154632
v -0.72653663 0.42627561 -0.02907124
v -0.7265569 0.42853832 -0.02145398
v -0.72667676 0.43873411 -0.0153136
v -0.72663784 0.43857619 0.0221599
v -0.72658533 0.43282643 0.00339383
v -0.7265203 0.42612919 -0.01438549
v -0.7264834 0.42597982 0.02107732
v -0.72627419 0.40959805 0.0281074
v -0.72650534 0.42832899 0.02819974
v -0.72646916 0.42600247 0.03576267
v -0.72607964 0.39327875 0.02091615
v -2.83577347 0.14612558 0.04299377
v -2.62884712 0.16385013 0.00478699
v -2.62862754 0.14913696 0.04271296
v -2.83599234 0.16083914 0.00506748
v -2.62870693 0.14945722 -0.0332814
v -2.83585262 0.14644617 -0.03300075
v -0.59061265 0.23881811 -0.05702214
v -0.9162845 0.23358747 0.060936
v -0.91640681 0.2340827 -0.05658051
v -0.5904904 0.23832282 0.06049453
v -1.9380734 -0.08839089 -0.1250979
v -1.70813036 -0.08504857 -0.12540957
v -1.93780899 -0.08946285 0.12919821
v -1.70786595 -0.08612025 0.12888668
v -0.91365325 0.02487123 0.11562316
v -1.97802019 0.0093983 0.11706567
v -0.91389102 0.02583439 -0.11282733
v -1.97825766 0.01036145 -0.11138497
v -1.87104297 0.11835501 0.02373477
v -1.10015702 0.12956175 0.02269018
v -1.10005379 0.12914309 0.12196559
v -1.87093949 0.11793665 0.12301049
v -2.60808372 0.07675274 -0.03669843
v -1.95826864 0.08619814 -0.03757903
v -2.60784745 0.06089098 0.00425139
v -1.95803261 0.07033665 0.00337066
v -2.60799837 0.07640696 0.04535713
v -1.95818329 0.08585236 0.04447624
v -2.83452106 0.04161813 0.00448002
v -2.59919763 0.06518487 0.05743918
v -2.83471704 0.06176163 0.05775843
v -2.59900141 0.04504167 0.00416091
v -2.83482742 0.06221017 -0.04862794
v -2.59930801 0.06563344 -0.04894704
v -0.69979537 0.28607237 -0.02370621
v -0.69974059 0.28585026 0.02897643
v -0.72479558 0.28570873 -0.02367246
v -0.72474074 0.28548673 0.02901036
v -1.80386853 0.26981115 -0.02221115
v -1.77777386 0.26996744 0.03043648
v -1.80381346 0.26958895 0.03047164
v -1.77782893 0.27018961 -0.02224648
v -0.72658533 0.43282643 0.00339383
v -0.70158523 0.43318975 0.00335992
v -0.70148325 0.42634335 0.02104342
v -0.7264834 0.42597982 0.02107732
v -0.7265203 0.42612919 -0.01438549
v -0.70152014 0.42649254 -0.0144192
v -0.70158523 0.43318975 0.00335992
v -0.72658533 0.43282643 0.00339383
v -2.62862754 0.14913696 0.04271296
v -2.83532357 0.11092306 0.05852758
v -2.83577347 0.14612558 0.04299377
v -2.62817764 0.11393438 0.05824663
v -2.8349061 0.07585758 0.04264737
v -2.62776041 0.07886884 0.04236673
v -1.77930641 0.39399093 0.02953302
v -1.8051548 0.37752971 0.02188301
v -1.80534625 0.39361259 0.02956833
v -1.77933669 0.39633852 0.02852521
v -1.77911568 0.37790868 0.0218477
v -1.80537605 0.39595997 0.02856038
v -1.70813036 -0.08504857 -0.12540957
v -1.9380734 -0.08839089 -0.1250979
v -1.70935702 0.01432597 -0.12491974
v -1.99544358 0.01016723 -0.12453201
v -0.70127398 0.40996134 0.02807362
v -0.72607964 0.39327875 0.02091615
v -0.72627419 0.40959805 0.0281074
v -0.70107961 0.3936426 0.02088222
v -1.70489001 0.27338171 -0.02891999
v -1.75054312 0.33028233 -0.02857548
v -1.70514917 0.29436767 -0.0288167
v -1.83958626 0.27142355 -0.02873752
v -1.81780434 0.32930431 -0.02848446
v -1.83984518 0.29240951 -0.0286341
v -0.68353575 0.34579334 -0.03002177
v -0.66037726 0.28856465 -0.03033577
v -0.75084007 0.34481487 -0.02993049
v -0.66063631 0.3095516 -0.03023219
v -0.79507232 0.28660655 -0.03015304
v -0.79533148 0.30759391 -0.03004958
v -0.70153648 0.4266389 -0.02910511
v -0.70072114 0.3605895 -0.02943061
v -0.72653663 0.42627561 -0.02907124
v -0.72572136 0.36022624 -0.02939671
v -0.70059246 0.35064799 -0.0233881
v -0.72479558 0.28570873 -0.02367246
v -0.72559267 0.35028461 -0.02335417
v -0.69979537 0.28607237 -0.02370621
v -1.79736829 0.36876485 -0.0019784
v -1.79007363 0.39489013 0.00219068
v -1.78616548 0.36892754 -0.00199352
v -1.79413867 0.39483085 0.00219626
v -2.60901833 0.15249309 -0.03632516
v -1.95920348 0.16193956 -0.03720589
v -2.60856819 0.11469079 -0.05323818
v -1.95875335 0.12413644 -0.0541189
v -2.60808372 0.07675274 -0.03669843
v -1.95826864 0.08619814 -0.03757903
v -2.83545756 0.11146577 -0.07015233
v -2.59930801 0.06563344 -0.04894704
v -2.83482742 0.06221017 -0.04862794
v -2.59993792 0.11488909 -0.07047141
v -2.83604145 0.16054219 -0.04814321
v -2.60052204 0.16396573 -0.04846248
v -1.70483518 0.27315983 0.02376268
v -1.75048828 0.33006027 0.02410716
v -1.7050941 0.29414576 0.02386612
v -1.83953142 0.27120146 0.02394543
v -1.81774926 0.32908216 0.02419852
v -1.83979034 0.29218739 0.02404873
v -0.68348092 0.34557125 0.02266119
v -0.66032243 0.28834274 0.02234704
v -0.75078517 0.34459275 0.02275248
v -0.66058153 0.30932978 0.02245061
v -0.79501754 0.28638443 0.02252962
v -0.79527658 0.3073718 0.02263305
v -0.72572136 0.36022624 -0.02939671
v -0.70072114 0.3605895 -0.02943061
v -0.70059246 0.35064799 -0.0233881
v -0.72559267 0.35028461 -0.02335417
v -0.70148325 0.42634335 0.02104342
v -0.72627419 0.40959805 0.0281074
v -0.7264834 0.42597982 0.02107732
v -0.70127398 0.40996134 0.02807362
v -1.80386853 0.26981115 -0.02221115
v -1.7786324 0.33527219 -0.02192563
v -1.77782893 0.27018961 -0.02224648
v -1.80467129 0.33489361 -0.02189031
v -1.80478764 0.34388813 -0.02691676
v -1.77874827 0.34426668 -0.02695207
v -1.80543303 0.39619276 -0.02665904
v -1.77939391 0.39657092 -0.02669436
v -1.80874538 -0.08060331 -0.05484411
v -1.84217906 -0.16754547 -0.03849673
v -1.84324503 -0.08117571 -0.03807122
v -1.80767918 -0.16697335 -0.05526991
v -1.77420974 -0.08017214 -0.03816465
v -1.77314305 -0.16654229 -0.03859031
v 0.41314355 0.27796334 -0.06790796
v 0.50973719 0.12647644 0.17385721
v 0.50937676 0.12793735 -0.17263672
v 0.41328815 0.27737844 0.07087995
v 0.51058125 0.0553444 0.13906297
v 0.51029235 0.05651452 -0.1385158
v 0.44637203 -0.49422514 0.13645573
v 0.44608307 -0.49305525 -0.14112148
v 0.44478923 -0.54833281 0.1361925
v 0.44450033 -0.54716265 -0.14138499
v 0.43869859 -0.60157448 0.13593954
v 0.43840951 -0.60040438 -0.14163765
v 0.33446309 0.27681938 -0.06780149
v 0.33460769 0.27623475 0.07098654
v 0.41314355 0.27796334 -0.06790796
v 0.41328815 0.27737844 0.07087995
v 0.43869859 -0.60157448 0.13593954
v 0.36615306 -0.54947597 0.13629901
v 0.36006153 -0.60271764 0.1360462
v 0.44478923 -0.54833281 0.1361925
v 0.3677341 -0.49536836 0.13656241
v 0.44637203 -0.49422514 0.13645573
v 0.43194538 0.0542015 0.1391695
v 0.51058125 0.0553444 0.13906297
v 0.50973719 0.12647644 0.17385721
v 0.43110132 0.12533352 0.17396373
v 0.41328815 0.27737844 0.07087995
v 0.33460769 0.27623475 0.07098654
v 0.33446309 0.27681938 -0.06780149
v 0.43110132 0.12533352 0.17396373
v 0.33460769 0.27623475 0.07098654
v 0.43074083 0.12679416 -0.17253008
v 0.43194538 0.0542015 0.1391695
v 0.43165645 0.0553716 -0.13840795
v 0.3677341 -0.49536836 0.13656241
v 0.36744499 -0.49419796 -0.14101496
v 0.36615306 -0.54947597 0.13629901
v 0.3658644 -0.54830575 -0.14127845
v 0.36006153 -0.60271764 0.1360462
v 0.35977274 -0.60154742 -0.14153126
v 0.43840951 -0.60040438 -0.14163765
v 0.43869859 -0.60157448 0.13593954
v 0.35977274 -0.60154742 -0.14153126
v 0.36006153 -0.60271764 0.1360462
v 0.3658644 -0.54830575 -0.14127845
v 0.43840951 -0.60040438 -0.14163765
v 0.35977274 -0.60154742 -0.14153126
v 0.44450033 -0.54716265 -0.14138499
v 0.36744499 -0.49419796 -0.14101496
v 0.44608307 -0.49305525 -0.14112148
v 0.43165645 0.0553716 -0.13840795
v 0.51029235 0.05651452 -0.1385158
v 0.43074083 0.12679416 -0.17253008
v 0.50937676 0.12793735 -0.17263672
v 0.41314355 0.27796334 -0.06790796
v 0.33446309 0.27681938 -0.06780149
v 0.38118395 -0.1695877 0.13155766
v 0.37130764 -0.14424241 -0.13373628
v 0.37158388 -0.14536144 0.13169044
v 0.3809081 -0.16846862 -0.1338689
v 0.37218532 -0.19408873 0.13145028
v 0.37190935 -0.19296983 -0.13397625
v -0.22460206 -0.25154668 0.13201931
v -0.2344785 -0.22620153 -0.13327435
v -0.23420253 -0.22732043 0.13215192
v -0.2248781 -0.25042778 -0.13340694
v -0.23360112 -0.27604324 0.1319119
v -0.23387717 -0.27492434 -0.13351455
v 0.35200256 -0.5357694 0.12980124
v 0.34212613 -0.51042324 -0.13549259
v 0.3424021 -0.51154226 0.12993383
v 0.35172674 -0.53465056 -0.13562515
v 0.34300366 -0.56026828 0.12969369
v 0.34272736 -0.55914932 -0.13573274
v 0.32641032 -0.1448952 -0.13367531
v 0.34901026 -0.13559788 0.13177051
v 0.34873396 -0.13447896 -0.13365605
v 0.32668644 -0.14601405 0.13175113
v 0.37158388 -0.14536144 0.13169044
v 0.37130764 -0.14424241 -0.13373628
v -0.27942115 -0.2268548 -0.13321349
v -0.25677729 -0.21755219 0.13223229
v -0.25705326 -0.21643332 -0.13319412
v -0.27914512 -0.22797385 0.13221288
v -0.23420253 -0.22732043 0.13215192
v -0.2344785 -0.22620153 -0.13327435
v 0.29718462 -0.51107663 -0.13543165
v 0.31978503 -0.50177801 0.130014
v 0.31950921 -0.50065911 -0.13541242
v 0.29746053 -0.51219553 0.12999466
v 0.3424021 -0.51154226 0.12993383
v 0.34212613 -0.51042324 -0.13549259
v 0.29806215 -0.56092167 0.12975445
v 0.31978503 -0.50177801 0.130014
v 0.28846145 -0.53669322 0.12988722
v 0.35200256 -0.5357694 0.12980124
v 0.32063577 -0.57068747 0.12967443
v 0.34300366 -0.56026828 0.12969369
v 0.3424021 -0.51154226 0.12993383
v 0.29746053 -0.51219553 0.12999466
v -0.27854377 -0.27669653 0.13197283
v -0.27914512 -0.22797385 0.13221288
v -0.28814316 -0.2524702 0.13210544
v -0.22460206 -0.25154668 0.13201931
v -0.25592673 -0.28646421 0.1318927
v -0.23360112 -0.27604324 0.1319119
v -0.25677729 -0.21755219 0.13223229
v -0.23420253 -0.22732043 0.13215192
v 0.32728785 -0.19474149 0.131511
v 0.34901026 -0.13559788 0.13177051
v 0.31768739 -0.17051065 0.13164373
v 0.37218532 -0.19408873 0.13145028
v 0.34986052 -0.20450515 0.13143091
v 0.38118395 -0.1695877 0.13155766
v 0.37158388 -0.14536144 0.13169044
v 0.32668644 -0.14601405 0.13175113
v 0.31741124 -0.1693916 -0.13378271
v 0.32668644 -0.14601405 0.13175113
v 0.32641032 -0.1448952 -0.13367531
v 0.31768739 -0.17051065 0.13164373
v 0.32701203 -0.19362244 -0.13391557
v 0.32728785 -0.19474149 0.131511
v -0.28841925 -0.2513513 -0.13332081
v -0.27914512 -0.22797385 0.13221288
v -0.27942115 -0.2268548 -0.13321349
v -0.28814316 -0.2524702 0.13210544
v -0.27881974 -0.27557763 -0.1334534
v -0.27854377 -0.27669653 0.13197283
v 0.28818569 -0.53557432 -0.13553903
v 0.29746053 -0.51219553 0.12999466
v 0.29718462 -0.51107663 -0.13543165
v 0.28846145 -0.53669322 0.12988722
v 0.29778603 -0.55980277 -0.13567176
v 0.29806215 -0.56092167 0.12975445
v 0.34958482 -0.20338622 -0.1339955
v 0.32728785 -0.19474149 0.131511
v 0.32701203 -0.19362244 -0.13391557
v 0.34986052 -0.20450515 0.13143091
v 0.37190935 -0.19296983 -0.13397625
v 0.37218532 -0.19408873 0.13145028
v -0.25620276 -0.28534532 -0.13353381
v -0.27854377 -0.27669653 0.13197283
v -0.27881974 -0.27557763 -0.1334534
v -0.25592673 -0.28646421 0.1318927
v -0.23387717 -0.27492434 -0.13351455
v -0.23360112 -0.27604324 0.1319119
v 0.32035962 -0.56956857 -0.13575184
v 0.29806215 -0.56092167 0.12975445
v 0.29778603 -0.55980277 -0.13567176
v 0.32063577 -0.57068747 0.12967443
v 0.34272736 -0.55914932 -0.13573274
v 0.34300366 -0.56026828 0.12969369
v 0.35172674 -0.53465056 -0.13562515
v 0.31950921 -0.50065911 -0.13541242
v 0.34212613 -0.51042324 -0.13549259
v 0.29778603 -0.55980277 -0.13567176
v 0.32035962 -0.56956857 -0.13575184
v 0.34272736 -0.55914932 -0.13573274
v 0.28818569 -0.53557432 -0.13553903
v 0.29718462 -0.51107663 -0.13543165
v -0.2248781 -0.25042778 -0.13340694
v -0.25705326 -0.21643332 -0.13319412
v -0.2344785 -0.22620153 -0.13327435
v -0.27942115 -0.2268548 -0.13321349
v -0.27881974 -0.27557763 -0.1334534
v -0.25620276 -0.28534532 -0.13353381
v -0.23387717 -0.27492434 -0.13351455
v -0.28841925 -0.2513513 -0.13332081
v 0.3809081 -0.16846862 -0.1338689
v 0.34873396 -0.13447896 -0.13365605
v 0.37130764 -0.14424241 -0.13373628
v 0.37190935 -0.19296983 -0.13397625
v 0.32701203 -0.19362244 -0.13391557
v 0.34958482 -0.20338622 -0.1339955
v 0.31741124 -0.1693916 -0.13378271
v 0.32641032 -0.1448952 -0.13367531
v -1.74347615 0.18803388 0.09077161
v -1.74416947 0.24181524 0.06113802
v -1.76082301 0.21467394 0.0762407
v -1.57417846 0.24428606 0.06090765
v -1.57348514 0.19050518 0.09054123
v -1.55683351 0.21763912 0.07596418
v -1.10016513 0.12956673 0.01458891
v -1.10007644 0.12920749 0.09970511
v -1.09921908 0.05291694 0.01421111
v -1.09912348 0.05253049 0.10591388
v -1.09958243 0.09079484 0.11976691
v -1.34787107 0.24757656 0.06060107
v -1.33067536 0.22154269 -0.06971681
v -1.34799099 0.24806148 -0.05438174
v -1.33052421 0.22092986 0.0756574
v -1.33067536 0.22154269 -0.06971681
v -1.34717774 0.19379437 0.09023462
v -1.34736013 0.19453335 -0.08503802
v -1.33052421 0.22092986 0.0756574
v -1.57417846 0.24428606 0.06090765
v -1.5569849 0.21825197 -0.06941031
v -1.57429814 0.24477068 -0.05407494
v -1.55683351 0.21763912 0.07596418
v -1.5569849 0.21825197 -0.06941031
v -1.57348514 0.19050518 0.09054123
v -1.57366753 0.19124386 -0.08473128
v -1.55683351 0.21763912 0.07596418
v -1.34799099 0.24806148 -0.05438174
v -1.51798177 0.24559069 -0.05415125
v -1.51786208 0.24510583 0.06083141
v -1.34787107 0.24757656 0.06060107
v -1.57429814 0.24477068 -0.05407494
v -1.74428916 0.24229991 -0.05384463
v -1.74416947 0.24181524 0.06113802
v -1.57417846 0.24428606 0.06090765
v -1.10016513 0.12956673 0.01458891
v -1.87105083 0.11836094 0.01563362
v -1.87096214 0.11800238 0.10074981
v -1.10007644 0.12920749 0.09970511
v -0.08980688 0.21624398 0.09665111
v -0.52365136 0.20993772 0.09723896
v -0.08880845 0.13938177 0.14642209
v -0.52265298 0.13307551 0.14700995
v -0.09000608 0.217051 -0.09482113
v -0.08880845 0.13938177 0.14642209
v -0.08911218 0.14061195 -0.14534765
v -0.08980688 0.21624398 0.09665111
v -0.42390221 0.01729165 -0.13434517
v -0.42362133 0.01615342 0.13565819
v -0.42295614 -0.05935889 -0.1347228
v -0.42267519 -0.06049696 0.13528024
v -0.09000608 0.217051 -0.09482113
v -0.52385056 0.21074483 -0.09423307
v -0.52365136 0.20993772 0.09723896
v -0.08980688 0.21624398 0.09665111
v -0.42390221 0.01729165 -0.13434517
v -0.62179244 0.01441562 -0.13407692
v -0.62151146 0.01327741 0.13592625
v -0.42362133 0.01615342 0.13565819
v -0.42362133 0.01615342 0.13565819
v -0.62151146 0.01327741 0.13592625
v -0.42267519 -0.06049696 0.13528024
v -0.62056535 -0.06337338 0.13554846
v -0.62084627 -0.06223518 -0.13445473
v -0.62056535 -0.06337338 0.13554846
v -0.62179244 0.01441562 -0.13407692
v -0.62151146 0.01327741 0.13592625
v -0.62084627 -0.06223518 -0.13445473
v -0.42295614 -0.05935889 -0.1347228
v -0.42267519 -0.06049696 0.13528024
v -0.62056535 -0.06337338 0.13554846
v -0.52295661 0.1343058 -0.14475963
v -0.08911218 0.14061195 -0.14534765
v -0.08880845 0.13938177 0.14642209
v -0.52265298 0.13307551 0.14700995
v -0.42390221 0.01729165 -0.13434517
v -0.62084627 -0.06223518 -0.13445473
v -0.62179244 0.01441562 -0.13407692
v -0.42295614 -0.05935889 -0.1347228
v -0.09000608 0.217051 -0.09482113
v -0.52295661 0.1343058 -0.14475963
v -0.52385056 0.21074483 -0.09423307
v -0.08911218 0.14061195 -0.14534765
v -1.51716852 0.19132382 0.09046499
v -1.34787107 0.24757656 0.06060107
v -1.51786208 0.24510583 0.06083141
v -1.534513 0.21796489 0.07593405
v -1.34717774 0.19379437 0.09023462
v -1.33052421 0.22092986 0.0756574
v -1.87010503 0.04171161 0.01525583
v -1.87096214 0.11800238 0.10074981
v -1.87105083 0.11836094 0.01563362
v -1.87000942 0.04132482 0.10695845
v -1.87046814 0.07958943 0.12081178
v -1.76097369 0.21528676 -0.06913397
v -1.74416947 0.24181524 0.06113802
v -1.74428916 0.24229991 -0.05384463
v -1.76082301 0.21467394 0.0762407
v -1.74365854 0.1887728 -0.08450077
v -1.74347615 0.18803388 0.09077161
v -1.76097369 0.21528676 -0.06913397
v -1.76082301 0.21467394 0.0762407
v -1.53466463 0.21857777 -0.0694406
v -1.51786208 0.24510583 0.06083141
v -1.51798177 0.24559069 -0.05415125
v -1.534513 0.21796489 0.07593405
v -1.51735115 0.1920628 -0.08480754
v -1.51716852 0.19132382 0.09046499
v -1.53466463 0.21857777 -0.0694406
v -1.534513 0.21796489 0.07593405
v -0.52295661 0.1343058 -0.14475963
v -0.52365136 0.20993772 0.09723896
v -0.52385056 0.21074483 -0.09423307
v -0.52265298 0.13307551 0.14700995
v -1.87010503 0.04171161 0.01525583
v -1.09921908 0.05291694 0.01421111
v -1.09912348 0.05253049 0.10591388
v -1.87000942 0.04132482 0.10695845
v -1.51735115 0.1920628 -0.08480754
v -1.34736013 0.19453335 -0.08503802
v -1.34717774 0.19379437 0.09023462
v -1.51716852 0.19132382 0.09046499
v -1.74365854 0.1887728 -0.08450077
v -1.57366753 0.19124386 -0.08473128
v -1.57348514 0.19050518 0.09054123
v -1.74347615 0.18803388 0.09077161
v -1.51798177 0.24559069 -0.05415125
v -1.51735115 0.1920628 -0.08480754
v -1.53466463 0.21857777 -0.0694406
v -1.34736013 0.19453335 -0.08503802
v -1.34799099 0.24806148 -0.05438174
v -1.33067536 0.22154269 -0.06971681
v -1.74428916 0.24229991 -0.05384463
v -1.74365854 0.1887728 -0.08450077
v -1.76097369 0.21528676 -0.06913397
v -1.57366753 0.19124386 -0.08473128
v -1.57429814 0.24477068 -0.05407494
v -1.5569849 0.21825197 -0.06941031
v -1.70909238 0.01323967 0.12937634
v -1.04846382 0.02284363 0.12848108
v -1.70935702 0.01431169 -0.12491992
v -1.04872823 0.02391588 -0.125815
v -1.04872823 0.02391588 -0.125815
v -1.04846382 0.02284363 0.12848108
v -1.05131495 0.23859048 -0.06094283
v -1.05118263 0.23805436 0.06622106
v -1.04927814 0.09137698 0.16072725
v -1.04960871 0.09271575 -0.15688929
v -1.70786572 -0.08613425 0.12888665
v -1.70813012 -0.08506259 -0.12540963
v -1.62746978 -0.08321872 -0.12551576
v -1.62720513 -0.08429071 0.12878066
v 0.3813571 0.25953016 0.06477937
v 0.47744268 0.11556584 -0.15846047
v 0.38122475 0.26006624 -0.06238587
v 0.47777319 0.11422697 0.15915595
v 0.47858751 0.04569367 0.12691127
v 0.47832292 0.04676536 -0.12738636
v 0.41408738 -0.48378974 0.12440325
v 0.41382268 -0.48271775 -0.1298942
v 0.41252327 -0.53591752 0.12414967
v 0.41225865 -0.53484571 -0.13014796
v 0.40640724 -0.58721137 0.12390634
v 0.40614277 -0.58613974 -0.13039115
vn -0.00682 0.37515 -0.92694
vn -0.0074 0.42393 -0.90566
vn -0.00672 0.37622 -0.92651
vn -0.00676 0.37515 -0.92694
vn -0.00659 0.37431 -0.92728
vn -0.00828 0.48579 -0.87404
vn -0.00247 0.07744 -0.99699
vn -0.00251 0.07933 -0.99685
vn 0.00432 -0.38315 -0.92368
vn 0.00432 -0.38315 -0.92367
vn 0.99992 0.01235 -0.00099
vn 0.99992 0.01235 -0.00099
vn 0.99992 0.01235 -0.00099
vn 0.99992 0.01235 -0.00099
vn 0.99992 0.01235 -0.00099
vn 0.99992 0.01235 -0.00099
vn 0.99992 0.01235 -0.00098
vn 0.99992 0.01235 -0.00099
vn 0.99992 0.01235 -0.001
vn 0.99992 0.01235 -0.00099
vn 0.99992 0.01235 -0.00099
vn 0.99992 0.01235 -0.00098
vn 0.99992 0.01234 -0.00099
vn 0.99992 0.01234 -0.00099
vn 0.99992 0.01235 -0.00099
vn 0.99992 0.01234 -0.001
vn 0.99992 0.01234 -0.001
vn 0.99992 0.01235 -0.001
vn 0.99992 0.01235 -0.00099
vn 0.99992 0.01235 -0.00099
vn 0.99992 0.01235 -0.00099
vn 0.99992 0.01235 -0.00099
vn 0.99992 0.01235 -0.00099
vn 0.80259 -0.59624 -0.01875
vn 0.80262 -0.59637 0.01158
vn 0.99992 0.01235 -0.00099
vn 0.9588 0.28409 0.00021
vn 0.49255 0.87028 0.00331
vn 0.49229 0.87042 0.00313
vn 0.95887 0.28384 0.00021
vn 0.99992 0.01235 -0.00098
vn 0.99992 0.01234 -0.00098
vn 0.9588 0.28409 0.0002
vn 0.49254 0.87028 0.0033
vn 0.49229 0.87042 0.00312
vn 0.95887 0.28384 0.0002
vn 0.99992 0.01235 -0.00099
vn 0.99992 0.01234 -0.00098
vn 0.84723 0.53122 0.00137
vn 0.53257 0.84635 0.00773
vn 0.53264 0.84634 -0.0014
vn 0.84749 0.53082 0.00134
vn 0.99992 0.01234 -0.00098
vn 0.99992 0.01234 -0.00098
vn 0.99992 0.01234 -0.00098
vn 0.99992 0.01234 -0.00098
vn 0.99992 0.01235 -0.00099
vn 0.99992 0.01235 -0.00099
vn 0.99992 0.01235 -0.001
vn 0.99992 0.01234 -0.00098
vn 0.99992 0.01235 -0.00119
vn 0.74412 0.00587 0.66802
vn 0.74412 0.00579 0.66802
vn 0.99992 0.01235 -0.00088
vn 0.74266 0.01231 -0.66956
vn 0.74265 0.01233 -0.66956
vn 0.9888 0.14925 -0.0004
vn 0.98885 0.14891 -0.00039
vn 0.98872 0.14978 -0.0004
vn 0.98885 0.14891 -0.00039
vn 0.99992 0.01235 -0.00099
vn 0.99992 0.01234 -0.00099
vn 0.99992 0.01235 -0.00099
vn 0.99992 0.01234 -0.00099
vn 0.99992 0.01235 -0.00098
vn 0.99992 0.01235 -0.00096
vn 0.99992 0.01235 -0.00098
vn 0.99992 0.01234 -0.00099
vn 0.99992 0.01234 -0.00098
vn 0.99992 0.01233 -0.00101
vn 0.99992 0.01235 -0.00099
vn 0.99992 0.01235 -0.00099
vn 0.99992 0.01237 -0.00099
vn 0.99992 0.0124 -0.001
vn 0.99992 0.01254 -0.00095
vn 0.99992 0.01234 -0.00099
vn 0.99992 0.01234 -0.00099
vn 0.99992 0.01235 -0.00099
vn 0.99992 0.01234 -0.00099
vn 0.99992 0.01234 -0.00099
vn 0.99992 0.01234 -0.00099
vn 0.99992 0.01235 -0.00099
vn 0.99992 0.01234 -0.00099
vn 0.99992 0.01235 -0.00099
vn 0.99992 0.01235 -0.001
vn 0.99992 0.01235 -0.00099
vn 0.99992 0.01234 -0.00099
vn 0.99992 0.01235 -0.00098
vn -0.01168 0.72828 -0.68518
vn -0.63754 0.55718 -0.53206
vn -0.01453 0.99989 0.00425
vn -0.64438 0.7647 0.00425
vn -0.01 0.72264 0.69115
vn -0.63614 0.55249 0.53859
vn -0.01452 0.99989 0.00423
vn -0.01452 0.99989 0.00423
vn -0.01452 0.99989 0.00423
vn -0.01452 0.99989 0.00423
vn -0.01452 0.99989 0.00423
vn -0.01452 0.99989 0.00423
vn -0.01452 0.99989 0.00423
vn -0.01452 0.99989 0.00423
vn -0.01453 0.99989 0.00427
vn -0.01453 0.99989 0.00425
vn -0.01453 0.99989 0.00427
vn -0.01453 0.99989 0.00425
vn -0.01453 0.99989 0.00419
vn -0.01458 0.99989 0.00415
vn -0.01451 0.99989 0.00421
vn -0.01446 0.99989 0.00425
vn -0.01162 0.73622 -0.67664
vn -0.01162 0.73625 -0.67661
vn -0.01163 0.73622 -0.67664
vn -0.01162 0.73625 -0.67661
vn -0.01454 0.99988 0.00443
vn -0.01169 0.72853 -0.68492
vn -0.01169 0.72796 -0.68552
vn -0.01453 0.99989 0.00425
vn -0.01002 0.72281 0.69098
vn -0.01001 0.7228 0.69098
vn -0.0097 0.73 0.68338
vn -0.0097 0.73108 0.68222
vn -0.00969 0.73042 0.68292
vn -0.00968 0.72931 0.68412
vn -0.01406 0.93409 -0.35676
vn -0.01408 0.93384 -0.35742
vn -0.01407 0.93392 -0.3572
vn -0.01407 0.93358 -0.35809
vn -0.01305 0.93071 0.36551
vn -0.01304 0.93038 0.36635
vn -0.01305 0.93052 0.366
vn -0.01304 0.93021 0.36679
vn -0.01453 0.99989 0.00424
vn -0.01453 0.99989 0.00423
vn -0.01453 0.99989 0.00423
vn -0.01453 0.99989 0.00424
vn -0.01453 0.99989 0.00422
vn -0.01453 0.99989 0.00424
vn -0.01453 0.99989 0.00424
vn -0.01453 0.99989 0.00422
vn -0.91687 0.39917 0.00228
vn -0.34817 0.93742 0.00432
vn -0.91687 0.39917 0.00265
vn -0.34812 0.93744 0.00431
vn 0.45936 0.88825 0.00317
vn 0.45936 0.88825 0.0032
vn -0.91687 0.39917 0.00272
vn -0.34817 0.93742 0.00431
vn -0.91687 0.39917 0.00263
vn -0.34812 0.93744 0.00431
vn 0.45935 0.88825 0.00295
vn 0.45935 0.88825 0.00317
vn -0.01177 0.72834 -0.68511
vn -0.01453 0.99989 0.00422
vn -0.01159 0.72856 -0.68489
vn -0.01453 0.99988 0.00441
vn -0.00978 0.72215 0.69167
vn -0.00969 0.72262 0.69117
vn -0.01453 0.99989 0.00432
vn -0.00969 0.72256 0.69124
vn -0.00984 0.72236 0.69145
vn -0.01453 0.99988 0.0045
vn -0.01159 0.72847 -0.68498
vn -0.01144 0.72847 -0.68498
vn 0.61798 0.78619 0.00267
vn 0.61798 0.78619 0.00266
vn 0.61806 0.78613 0.00267
vn 0.6181 0.7861 0.00268
vn 0.61799 0.78618 0.00267
vn 0.61791 0.78624 0.00266
vn 0.61799 0.78618 0.00266
vn 0.61799 0.78618 0.00267
vn -0.27691 0.96089 0.00431
vn -0.92703 0.37498 -0.00231
vn -0.92715 0.37463 0.00732
vn -0.27681 0.96091 0.00438
vn -0.01453 0.99989 0.00423
vn -0.01453 0.99989 0.00423
vn 0.49965 0.86622 0.00304
vn 0.49965 0.86622 0.00309
vn -0.01453 0.99989 0.00423
vn -0.01453 0.99989 0.00423
vn -0.01453 0.99989 0.00423
vn -0.01453 0.99989 0.00423
vn -0.01453 0.99989 0.00423
vn -0.01453 0.99989 0.00423
vn -0.01453 0.99989 0.00423
vn -0.01453 0.99989 0.00423
vn -0.63582 0.55384 0.53759
vn 0.00143 -0.0049 0.99999
vn -0.00874 0.72227 0.69156
vn -0.62099 -0.01152 0.78374
vn 0.01083 -0.72965 0.68374
vn -0.62001 -0.57574 0.53302
vn -0.00881 0.72387 0.68988
vn 0.00148 -0.0046 0.99999
vn -0.00881 0.7227 0.6911
vn 0.00164 -0.01322 0.99991
vn 0.00736 -0.41615 0.90927
vn 0.00756 -0.43259 0.90156
vn 0.00143 -0.00491 0.99999
vn 0.00143 -0.00491 0.99999
vn 0.00143 -0.00491 0.99999
vn 0.00143 -0.00491 0.99999
vn 0.00041 0.06867 0.99764
vn 0.00703 -0.39115 0.9203
vn 0.00035 0.06915 0.99761
vn -0.00618 0.51264 0.85858
vn 0.0075 -0.3916 0.92011
vn -0.00574 0.47792 0.87839
vn -0.00633 0.51278 0.8585
vn -0.00491 0.41406 0.91024
vn -0.00412 0.3664 0.93045
vn -0.00405 0.36537 0.93085
vn -0.004 0.36635 0.93047
vn -0.00391 0.36644 0.93043
vn 0.00011 0.06949 0.99758
vn 0.00696 -0.39265 0.91966
vn 0.00658 -0.39177 0.92004
vn 0.00036 0.06788 0.99769
vn -0.00464 0.40642 0.91367
vn -0.00464 0.40642 0.91367
vn -0.00466 0.40642 0.91367
vn -0.00465 0.40633 0.91371
vn 0.00143 -0.00491 0.99999
vn 0.00142 -0.00491 0.99999
vn 0.00143 -0.00491 0.99999
vn 0.00142 -0.00491 0.99999
vn 0.00143 -0.00491 0.99999
vn 0.00142 -0.00491 0.99999
vn 0.00143 -0.00491 0.99999
vn 0.00143 -0.00491 0.99999
vn 0.00143 -0.00491 0.99999
vn 0.00143 -0.00491 0.99999
vn 0.00142 -0.00491 0.99999
vn 0.00143 -0.00491 0.99999
vn 0.00143 -0.00491 0.99999
vn 0.00143 -0.00491 0.99999
vn 0.00143 -0.00491 0.99999
vn 0.00143 -0.00491 0.99999
vn 0.00142 -0.00491 0.99999
vn 0.00143 -0.00491 0.99999
vn 0.00143 -0.00491 0.99999
vn 0.00142 -0.00491 0.99999
vn -0.0009 0.15394 0.98808
vn -0.00101 0.15601 0.98775
vn -0.00082 0.15568 0.98781
vn -0.00086 0.15318 0.9882
vn -0.00931 0.72229 0.69153
vn -0.00933 0.72299 0.69079
vn 0.00142 -0.00426 0.99999
vn 0.00143 -0.00538 0.99998
vn 0.01122 -0.72959 0.68379
vn 0.0113 -0.72889 0.68453
vn 0.0113 -0.72886 0.68457
vn 0.01123 -0.73 0.68335
vn 0.00142 -0.00424 0.99999
vn 0.00143 -0.00506 0.99999
vn -0.0093 0.72217 0.69166
vn -0.00884 0.72343 0.69034
vn 0.00143 -0.00491 0.99999
vn 0.00143 -0.00491 0.99999
vn 0.00143 -0.00491 0.99999
vn 0.00143 -0.00491 0.99999
vn 0.00143 -0.00491 0.99999
vn 0.00143 -0.00491 0.99999
vn 0.00142 -0.00491 0.99999
vn 0.00143 -0.00491 0.99999
vn 0.00143 -0.00491 0.99999
vn 0.00143 -0.00491 0.99999
vn 0.0014 -0.00492 0.99999
vn 0.00143 -0.00491 0.99999
vn 0.00882 -0.52791 0.84925
vn 0.00882 -0.52798 0.84921
vn 0.00882 -0.5279 0.84926
vn 0.00882 -0.52784 0.8493
vn 0.00513 -0.26398 0.96451
vn 0.0108 -0.71059 0.70353
vn 0.01042 -0.71059 0.70353
vn 0.00514 -0.26464 0.96433
vn 0.00513 -0.26402 0.9645
vn 0.00515 -0.26478 0.9643
vn 0.00142 -0.00491 0.99999
vn 0.00142 -0.00491 0.99999
vn 0.00727 -0.41516 0.90972
vn 0.00724 -0.41516 0.90972
vn 0.00726 -0.41507 0.90976
vn 0.00723 -0.41517 0.90972
vn -0.74637 -0.0128 0.66541
vn -0.74637 -0.01299 0.66541
vn 0.00075 -0.00492 0.99999
vn 0.00194 -0.0049 0.99999
vn 0.74819 0.0062 0.66345
vn 0.74819 0.00599 0.66345
vn -0.99992 -0.01237 0.00099
vn -0.99992 -0.01234 0.001
vn -0.99992 -0.01233 0.001
vn -0.99992 -0.01239 0.00099
vn -0.99992 -0.01235 0.00098
vn -0.99992 -0.01234 0.00098
vn -0.99992 -0.01235 0.001
vn -0.99992 -0.01235 0.00101
vn -0.99992 -0.01234 0.00098
vn -0.99992 -0.01234 0.00098
vn -0.99992 -0.01232 0.00099
vn -0.99992 -0.01234 0.00099
vn -0.99992 -0.01234 0.00099
vn -0.99992 -0.01232 0.00099
vn -0.99992 -0.01234 0.00101
vn -0.99992 -0.01234 0.00101
vn -0.6219 -0.56981 -0.53718
vn -0.63582 0.55948 -0.53171
vn -0.62915 -0.00391 -0.77727
vn -0.63794 0.77007 0.0042
vn -0.61873 -0.7856 -0.00295
vn -0.62081 -0.57488 0.53302
vn -0.63474 0.5544 0.53827
vn -0.62752 -0.01163 0.77852
vn -0.86478 -0.50215 -0.00122
vn -0.86483 -0.50207 -0.00121
vn -0.8648 -0.50211 -0.00121
vn -0.86442 -0.50277 -0.00122
vn -0.99992 -0.01234 0.00098
vn -0.99992 -0.01234 0.00098
vn -0.99992 -0.01234 0.00098
vn -0.99992 -0.01234 0.00098
vn -0.99992 -0.01235 0.00099
vn -0.99992 -0.01234 0.001
vn -0.99992 -0.01235 0.00099
vn -0.99992 -0.01235 0.00098
vn -0.86131 0.50806 0.00302
vn -0.86075 0.50902 0.00304
vn -0.86124 0.50819 0.00301
vn -0.8606 0.50926 0.00303
vn -0.86065 0.50918 0.00302
vn -0.86122 0.50823 0.00306
vn -0.8608 0.50894 0.00304
vn -0.86134 0.50802 0.00307
vn -0.99211 0.12535 0.00161
vn -0.99211 0.12538 0.00158
vn -0.99215 0.12505 0.00154
vn -0.99207 0.12564 0.00158
vn -0.99992 -0.01235 0.00099
vn -0.99992 -0.01235 0.00098
vn -0.99992 -0.01236 0.001
vn -0.99992 -0.01235 0.00098
vn -0.99992 -0.01234 0.00099
vn -0.99992 -0.01235 0.00099
vn -0.99992 -0.01235 0.00098
vn -0.99992 -0.01235 0.00099
vn -0.99992 -0.01234 0.00102
vn -0.99992 -0.01233 0.00105
vn -0.99993 -0.0122 0.00101
vn -0.99992 -0.01234 0.00099
vn -0.99992 -0.01236 0.00096
vn -0.99992 -0.01237 0.00094
vn -0.99992 -0.01236 0.00095
vn -0.89987 0.43615 0.00316
vn -0.99992 -0.01235 0.00098
vn -0.99992 -0.01235 0.00099
vn -0.89987 0.43615 0.00287
vn -0.89987 0.43614 0.00303
vn -0.99992 -0.01234 0.00099
vn -0.99992 -0.01235 0.00099
vn -0.89988 0.43614 0.00286
vn -0.91331 0.40719 0.00793
vn -0.99992 -0.01235 0.00099
vn -0.91332 0.40723 -0.00247
vn -0.99992 -0.01234 0.00099
vn -0.99992 -0.01234 0.00099
vn -0.99992 -0.01235 0.00099
vn -0.99992 -0.01235 0.00117
vn -0.74256 -0.01227 0.66967
vn -0.74256 -0.01236 0.66966
vn -0.99992 -0.01235 0.00089
vn -0.74404 -0.0059 -0.66811
vn -0.74404 -0.00581 -0.66811
vn -0.99992 -0.01235 0.00099
vn -0.99992 -0.01235 0.00099
vn -0.99992 -0.01235 0.00099
vn -0.99992 -0.01235 0.00099
vn -0.99992 -0.01235 0.00098
vn -0.99992 -0.01233 0.00099
vn -0.99992 -0.01235 0.00099
vn -0.99992 -0.01235 0.00099
vn -0.99992 -0.01235 0.00099
vn -0.99992 -0.01234 0.00099
vn -0.99992 -0.01235 0.00099
vn -0.99992 -0.01235 0.00099
vn -0.99992 -0.01235 0.00099
vn -0.99992 -0.01235 0.001
vn -0.99992 -0.01235 0.00101
vn -0.99992 -0.01236 0.00099
vn -0.99992 -0.01235 0.00099
vn -0.99992 -0.01235 0.00099
vn -0.99992 -0.01234 0.00099
vn -0.99992 -0.01234 0.00098
vn -0.99992 -0.01235 0.00099
vn -0.99992 -0.01235 0.00099
vn -0.99992 -0.01235 0.00099
vn -0.99992 -0.01235 0.00099
vn -0.99992 -0.01235 0.00098
vn 0.01 -0.72265 -0.69114
vn -0.62189 -0.7831 -0.00317
vn -0.62109 -0.57062 -0.53725
vn 0.01453 -0.99988 -0.0044
vn -0.61956 -0.5754 0.53391
vn 0.01168 -0.72827 0.68519
vn 0.01453 -0.99989 -0.00423
vn 0.804 -0.59462 -0.00364
vn 0.804 -0.59462 -0.00364
vn 0.01453 -0.99989 -0.00423
vn 0.01453 -0.99989 -0.00423
vn 0.01453 -0.99989 -0.00423
vn 0.01453 -0.99989 -0.00423
vn 0.01453 -0.99989 -0.00423
vn 0.01453 -0.99989 -0.00423
vn 0.01453 -0.99989 -0.00423
vn 0.01453 -0.99989 -0.00423
vn 0.01453 -0.99989 -0.00423
vn 0.01453 -0.99989 -0.00423
vn 0.01453 -0.99989 -0.00423
vn 0.01453 -0.99989 -0.00423
vn 0.01453 -0.99989 -0.00423
vn 0.00973 -0.72262 -0.69118
vn 0.00958 -0.72243 -0.69138
vn 0.01453 -0.99989 -0.00424
vn 0.01453 -0.99988 -0.00441
vn 0.01175 -0.72805 0.68542
vn 0.01156 -0.72855 0.6849
vn 0.01453 -0.99989 -0.00415
vn 0.01155 -0.72847 0.68498
vn 0.0117 -0.72827 0.68519
vn 0.01453 -0.99989 -0.0043
vn 0.00973 -0.72255 -0.69125
vn 0.00975 -0.72255 -0.69125
vn 0.01454 -0.99989 -0.00423
vn 0.01454 -0.99989 -0.00423
vn 0.01454 -0.99989 -0.00423
vn 0.01453 -0.99989 -0.00423
vn 0.00939 -0.70396 -0.71018
vn 0.01115 -0.70992 0.70419
vn 0.01081 -0.70993 0.70419
vn 0.00942 -0.70396 -0.71018
vn 0.01304 -0.9307 -0.36555
vn 0.01304 -0.93103 -0.3647
vn 0.01305 -0.93082 -0.36524
vn 0.01304 -0.93047 -0.36614
vn 0.01405 -0.93348 0.35834
vn 0.01406 -0.93379 0.35754
vn 0.01405 -0.93366 0.35789
vn 0.01406 -0.93333 0.35874
vn -0.6214 -0.57081 -0.53669
vn -0.00143 0.00539 -0.99998
vn 0.00875 -0.72316 -0.69063
vn -0.62321 -0.00355 -0.78204
vn -0.01082 0.72896 -0.68447
vn -0.63735 0.55888 -0.53051
vn -0.00162 0.01759 -0.99984
vn -0.01089 0.72986 -0.68351
vn -0.00135 -0.003 -0.99999
vn 0.00438 -0.38702 -0.92206
vn -0.01089 0.73111 -0.68217
vn 0.00487 -0.42446 -0.90543
vn -0.00143 0.00491 -0.99999
vn -0.00143 0.00491 -0.99999
vn -0.00143 0.00491 -0.99999
vn -0.00143 0.00491 -0.99999
vn -0.00724 0.41468 -0.90994
vn -0.00725 0.41546 -0.90958
vn -0.00727 0.41654 -0.90909
vn -0.00723 0.41368 -0.91039
vn -0.00143 0.00491 -0.99999
vn -0.00143 0.00491 -0.99999
vn -0.00143 0.0049 -0.99999
vn -0.00143 0.00491 -0.99999
vn -0.00142 0.00491 -0.99999
vn -0.00143 0.00491 -0.99999
vn -0.00143 0.00491 -0.99999
vn -0.00142 0.00491 -0.99999
vn -0.00143 0.00491 -0.99999
vn -0.00141 0.00492 -0.99999
vn -0.00143 0.00491 -0.99999
vn -0.00143 0.00491 -0.99999
vn -0.00143 0.00491 -0.99999
vn -0.00143 0.00491 -0.99999
vn -0.00143 0.00491 -0.99999
vn -0.00143 0.00491 -0.99999
vn -0.00143 0.00491 -0.99999
vn -0.00142 0.00491 -0.99999
vn -0.00143 0.00491 -0.99999
vn -0.00142 0.00491 -0.99999
vn -0.00382 0.16624 -0.98608
vn -0.00369 0.16265 -0.98668
vn -0.00364 0.16695 -0.98596
vn -0.0037 0.1608 -0.98698
vn -0.01127 0.7289 -0.68453
vn -0.01103 0.72958 -0.6838
vn -0.00142 0.00421 -0.99999
vn -0.00143 0.00532 -0.99998
vn 0.00937 -0.72299 -0.69079
vn 0.00927 -0.7223 -0.69152
vn -0.00142 0.00423 -0.99999
vn 0.00928 -0.72293 -0.69086
vn 0.00931 -0.72233 -0.69148
vn -0.00143 0.00533 -0.99998
vn -0.01127 0.7295 -0.68389
vn -0.01119 0.72894 -0.68449
vn -0.00143 0.00491 -0.99999
vn -0.00143 0.00491 -0.99999
vn -0.00142 0.00491 -0.99999
vn -0.00143 0.00491 -0.99999
vn -0.00143 0.00491 -0.99999
vn -0.00141 0.00491 -0.99999
vn -0.00143 0.00491 -0.99999
vn -0.00142 0.00491 -0.99999
vn -0.00143 0.00491 -0.99999
vn -0.00141 0.00492 -0.99999
vn -0.00143 0.00491 -0.99999
vn -0.00142 0.00491 -0.99999
vn 0.00641 -0.52071 -0.85371
vn 0.00639 -0.51858 -0.855
vn 0.00639 -0.51932 -0.85456
vn 0.00643 -0.52173 -0.85309
vn 0.00465 -0.40669 -0.91355
vn 0.00466 -0.40591 -0.9139
vn 0.00462 -0.40481 -0.91439
vn 0.00467 -0.40779 -0.91306
vn 0.00837 -0.70365 -0.7105
vn 0.00239 -0.25524 -0.96687
vn 0.00872 -0.70364 -0.7105
vn 0.00239 -0.25466 -0.96703
vn 0.00239 -0.25537 -0.96684
vn 0.00238 -0.2548 -0.96699
vn -0.00143 0.00491 -0.99999
vn -0.00143 0.00491 -0.99999
vn -0.00074 0.00492 -0.99999
vn -0.74812 -0.00616 -0.66354
vn -0.74821 -0.00642 -0.66343
vn -0.00198 0.00491 -0.99999
vn 0.74643 0.01277 -0.66534
vn 0.74643 0.01303 -0.66534
vn 0.84216 0.53922 0.0014
vn 0.96078 0.27731 0.00017
vn 0.96104 0.2764 0.00017
vn 0.84216 0.53922 0.0014
vn 0.99901 -0.04446 -0.00123
vn 0.999 -0.04479 -0.00122
vn 0.99717 -0.07511 -0.00136
vn 0.99718 -0.07509 -0.00135
vn 0.99717 -0.07517 -0.00136
vn 0.99715 -0.07545 -0.00136
vn 0.99384 -0.11084 -0.00151
vn 0.99382 -0.11098 -0.0015
vn -0.01383 0.92398 -0.3822
vn -0.01289 0.92073 0.39
vn -0.01286 0.83668 -0.54754
vn -0.01168 0.83204 0.5546
vn 0.01286 -0.68253 0.73074
vn 0.00143 -0.00491 0.99999
vn 0.01372 -0.74171 0.67058
vn 0.00143 -0.00491 0.99999
vn 0.00143 -0.00491 0.99999
vn 0.00143 -0.00491 0.99999
vn 0.00462 -0.22392 0.9746
vn 0.0048 -0.23917 0.97097
vn 0.00187 -0.02996 0.99955
vn -0.00075 0.14612 0.98927
vn -0.00471 0.85054 0.5259
vn -0.00531 0.93357 0.35836
vn -0.84205 -0.5394 -0.0014
vn -0.96075 -0.27741 -0.00017
vn -0.84205 -0.5394 -0.0014
vn -0.96111 -0.27615 -0.00012
vn -0.99899 0.04485 0.00126
vn -0.99903 0.04391 0.00123
vn -0.99718 0.07505 0.00136
vn -0.99718 0.075 0.00136
vn -0.99717 0.07515 0.00136
vn -0.99717 0.07519 0.00135
vn -0.99381 0.11109 0.00149
vn -0.99381 0.11109 0.00149
vn 0.0093 -0.67565 -0.73717
vn 0.01078 -0.68184 0.73142
vn 0.00988 -0.73468 -0.67834
vn 0.01162 -0.74037 0.6721
vn -0.00143 0.00491 -0.99999
vn 0.01079 -0.6755 -0.73728
vn 0.01176 -0.73447 -0.67854
vn -0.00143 0.00491 -0.99999
vn -0.00143 0.00491 -0.99999
vn -0.00143 0.00491 -0.99999
vn 0.00184 -0.21459 -0.9767
vn 0.00199 -0.22844 -0.97356
vn -0.00357 0.15521 -0.98788
vn -0.00098 -0.01975 -0.9998
vn -0.00619 0.8557 -0.51744
vn -0.00634 0.93718 -0.34878
vn 0.99992 0.01282 -0.00099
vn 0.71807 0.69596 0.00231
vn 0.71802 0.69602 0.00211
vn 0.99992 0.0125 -0.00099
vn 0.73533 -0.6777 -0.00371
vn 0.73543 -0.67759 -0.00356
vn 0.99992 0.01279 -0.00099
vn 0.71807 0.69596 0.00231
vn 0.71801 0.69603 0.00205
vn 0.99992 0.01246 -0.00099
vn 0.73535 -0.67768 -0.00371
vn 0.73544 -0.67758 -0.00373
vn 0.99992 0.0128 -0.00099
vn 0.71798 0.69606 0.00231
vn 0.71798 0.69606 0.00194
vn 0.99992 0.01247 -0.00099
vn 0.73534 -0.67769 -0.00371
vn 0.73532 -0.6777 -0.00378
vn -0.73732 0.67554 0.00364
vn -0.01427 0.99989 0.00423
vn -0.01407 0.99989 0.00423
vn -0.73722 0.67565 0.00366
vn 0.71778 0.69627 0.00209
vn 0.71788 0.69617 0.00229
vn -0.73729 0.67556 0.00364
vn -0.01391 0.99989 0.00423
vn -0.01371 0.9999 0.00423
vn -0.7372 0.67566 0.00377
vn 0.71779 0.69626 0.00209
vn 0.71789 0.69616 0.00224
vn -0.73731 0.67555 0.00364
vn -0.01462 0.99988 0.00423
vn -0.01442 0.99989 0.00423
vn -0.73721 0.67565 0.00355
vn 0.71774 0.69631 0.00209
vn 0.71784 0.6962 0.00218
vn 0.00142 -0.00491 0.99999
vn 0.00142 -0.00491 0.99999
vn 0.00143 -0.00491 0.99999
vn 0.00142 -0.00491 0.99999
vn 0.0014 -0.0027 1
vn 0.00143 -0.00492 0.99999
vn 0.00143 -0.00491 0.99999
vn 0.00142 -0.00491 0.99999
vn 0.00143 -0.00491 0.99999
vn 0.00143 -0.00491 0.99999
vn 0.00142 -0.00491 0.99999
vn 0.00143 -0.00491 0.99999
vn 0.00139 -0.00256 1
vn 0.00143 -0.00491 0.99999
vn 0.00144 -0.00578 0.99998
vn 0.00144 -0.0049 0.99999
vn 0.00142 -0.00491 0.99999
vn 0.00142 -0.00491 0.99999
vn 0.00143 -0.00491 0.99999
vn 0.00143 -0.00491 0.99999
vn 0.00142 -0.00491 0.99999
vn 0.00143 -0.00491 0.99999
vn 0.00142 -0.00492 0.99999
vn 0.00142 -0.00491 0.99999
vn -0.99992 -0.01275 0.00099
vn -0.73535 0.67768 0.00367
vn -0.73544 0.67758 0.00371
vn -0.99992 -0.01243 0.00099
vn -0.71808 -0.69596 -0.00227
vn -0.71799 -0.69605 -0.00225
vn -0.99992 -0.01278 0.00099
vn -0.73534 0.67769 0.00367
vn -0.73543 0.67759 0.00349
vn -0.99992 -0.01247 0.00099
vn -0.7181 -0.69594 -0.00227
vn -0.718 -0.69604 -0.00242
vn -0.99992 -0.01277 0.00099
vn -0.73532 0.67771 0.00367
vn -0.73533 0.6777 0.00393
vn -0.99992 -0.01246 0.00099
vn -0.718 -0.69604 -0.00227
vn -0.71799 -0.69605 -0.00247
vn 0.01425 -0.99989 -0.00423
vn -0.71779 -0.69625 -0.00213
vn -0.71789 -0.69615 -0.0022
vn 0.01406 -0.99989 -0.00423
vn 0.73731 -0.67554 -0.0036
vn 0.73721 -0.67565 -0.00353
vn 0.01461 -0.99988 -0.00423
vn -0.71777 -0.69628 -0.00213
vn -0.71787 -0.69618 -0.0022
vn 0.01442 -0.99989 -0.00423
vn 0.73732 -0.67554 -0.0036
vn 0.73722 -0.67565 -0.00353
vn 0.0139 -0.99989 -0.00423
vn -0.71777 -0.69628 -0.00213
vn -0.71787 -0.69617 -0.00198
vn 0.01371 -0.9999 -0.00423
vn 0.73727 -0.67559 -0.0036
vn 0.73717 -0.6757 -0.0037
vn -0.00143 0.00491 -0.99999
vn -0.00143 0.00491 -0.99999
vn -0.00143 0.00491 -0.99999
vn -0.00143 0.00491 -0.99999
vn -0.00143 0.00491 -0.99999
vn -0.00144 0.00492 -0.99999
vn -0.00143 0.00491 -0.99999
vn -0.00147 0.00567 -0.99998
vn -0.00143 0.00491 -0.99999
vn -0.00142 0.00491 -0.99999
vn -0.00143 0.00491 -0.99999
vn -0.00143 0.00491 -0.99999
vn -0.00143 0.00491 -0.99999
vn -0.00143 0.00492 -0.99999
vn -0.00143 0.00492 -0.99999
vn -0.00143 0.00491 -0.99999
vn -0.00143 0.00491 -0.99999
vn -0.00143 0.00491 -0.99999
vn -0.00143 0.00491 -0.99999
vn -0.00143 0.00491 -0.99999
vn -0.00143 0.00491 -0.99999
vn -0.00142 0.0049 -0.99999
vn -0.00143 0.00491 -0.99999
vn -0.00147 0.00577 -0.99998
vn -0.00538 0.48702 0.87338
vn -0.00572 0.48701 0.87338
vn -0.00416 0.48716 0.8733
vn -0.00612 0.48619 0.87383
vn -0.00635 0.48632 0.87376
vn -0.0076 0.48647 0.87366
vn 0.99992 0.01235 -0.00099
vn 0.99992 0.01235 -0.00099
vn 0.99992 0.01235 -0.00099
vn 0.99992 0.01235 -0.00099
vn 0.99992 0.01235 -0.00098
vn 0.83819 0.54538 0.00145
vn 0.83826 0.54526 0.0014
vn 0.83795 0.54574 0.00141
vn 0.83795 0.54574 0.00143
vn 0.85222 -0.52317 -0.00307
vn 0.85155 -0.52427 -0.0031
vn 0.85217 -0.52325 -0.00306
vn 0.85155 -0.52427 -0.0031
vn 0.83832 0.54517 0.00145
vn 0.83809 0.54554 0.00141
vn 0.83835 0.54514 0.00138
vn 0.83772 0.54609 0.00143
vn 0.85219 -0.52323 -0.00307
vn 0.85201 -0.52351 -0.00313
vn 0.85201 -0.52351 -0.00305
vn 0.85174 -0.52396 -0.00309
vn -0.01453 0.99989 0.00423
vn -0.01453 0.99989 0.00423
vn -0.01453 0.99989 0.00423
vn -0.01453 0.99989 0.00423
vn -0.01453 0.99989 0.00423
vn -0.01453 0.99989 0.00423
vn -0.01453 0.99989 0.00423
vn -0.01453 0.99989 0.00423
vn -0.01453 0.99989 0.00423
vn -0.01453 0.99989 0.00423
vn -0.01453 0.99989 0.00423
vn -0.01453 0.99989 0.00424
vn -0.00676 0.54346 0.83941
vn -0.00676 0.54346 0.83941
vn -0.00676 0.54346 0.83941
vn -0.00676 0.54346 0.83941
vn 0.99992 0.01235 -0.00099
vn 0.99992 0.01235 -0.00099
vn 0.99992 0.01235 -0.00099
vn 0.99992 0.01235 -0.00099
vn 0.99992 0.01235 -0.00099
vn 0.99992 0.01235 -0.00099
vn 0.99992 0.01235 -0.00099
vn 0.99992 0.01235 -0.00099
vn -0.01453 0.99989 0.00423
vn -0.01453 0.99989 0.00423
vn -0.01453 0.99989 0.00423
vn -0.01453 0.99989 0.00423
vn -0.01453 0.99989 0.00423
vn -0.01453 0.99989 0.00423
vn -0.01453 0.99989 0.00423
vn -0.01453 0.99989 0.00423
vn 0.00143 -0.00491 0.99999
vn 0.00143 -0.00491 0.99999
vn 0.00143 -0.00491 0.99999
vn 0.00143 -0.00491 0.99999
vn -0.99992 -0.01234 0.00099
vn -0.99992 -0.01235 0.00099
vn -0.99992 -0.01234 0.00099
vn -0.99992 -0.01235 0.00099
vn 0.01453 -0.99989 -0.00423
vn 0.01453 -0.99989 -0.00423
vn 0.01453 -0.99989 -0.00423
vn 0.01453 -0.99989 -0.00423
vn 0.01453 -0.99989 -0.00423
vn 0.01453 -0.99989 -0.00423
vn 0.01453 -0.99989 -0.00423
vn 0.01453 -0.99989 -0.00423
vn -0.00143 0.00491 -0.99999
vn -0.00143 0.00491 -0.99999
vn -0.00143 0.00491 -0.99999
vn -0.00143 0.00491 -0.99999
vn -0.00914 0.55133 -0.83424
vn -0.00914 0.55133 -0.83424
vn -0.00914 0.55133 -0.83424
vn -0.00914 0.55133 -0.83424
vn -0.00536 0.48688 0.87345
vn -0.00604 0.48649 0.87367
vn -0.00574 0.48684 0.87347
vn -0.00415 0.48658 0.87362
vn -0.00632 0.48654 0.87364
vn -0.00758 0.48714 0.87329
vn -0.99992 -0.01234 0.00099
vn -0.99992 -0.01234 0.00099
vn -0.99992 -0.01235 0.00099
vn -0.99992 -0.01234 0.00099
vn -0.99992 -0.01235 0.00099
vn -0.85188 0.52374 0.00309
vn -0.85187 0.52374 0.0031
vn -0.85225 0.52312 0.00306
vn -0.8522 0.52321 0.0031
vn -0.83838 -0.54509 -0.00138
vn -0.83764 -0.54621 -0.00143
vn -0.83822 -0.54533 -0.00141
vn -0.83764 -0.54621 -0.00143
vn -0.85223 0.52316 0.00308
vn -0.8516 0.52418 0.0031
vn -0.85238 0.52291 0.00304
vn -0.8519 0.52369 0.0031
vn -0.83826 -0.54527 -0.00138
vn -0.83768 -0.54615 -0.00143
vn -0.83834 -0.54515 -0.0014
vn -0.838 -0.54567 -0.00143
vn -0.99992 -0.01235 0.00099
vn -0.99992 -0.01235 0.00099
vn -0.99992 -0.01235 0.00099
vn -0.99992 -0.01235 0.00099
vn 0.01453 -0.99989 -0.00423
vn 0.01453 -0.99989 -0.00423
vn 0.01453 -0.99989 -0.00423
vn 0.01453 -0.99989 -0.00423
vn 0.01453 -0.99989 -0.00423
vn 0.01453 -0.99989 -0.00423
vn 0.01453 -0.99989 -0.00423
vn 0.01453 -0.99989 -0.00423
vn 0.01453 -0.99989 -0.00423
vn 0.01453 -0.99989 -0.00423
vn 0.01453 -0.99989 -0.00423
vn 0.01453 -0.99989 -0.00423
vn -0.00836 0.49549 -0.86857
vn -0.00845 0.49565 -0.86848
vn -0.00866 0.49539 -0.86863
vn -0.00831 0.4951 -0.86879
vn -0.00843 0.49494 -0.86888
vn -0.00813 0.49523 -0.86872
vn -0.00837 0.49549 -0.86857
vn -0.00843 0.49532 -0.86867
vn -0.00861 0.49536 -0.86864
vn -0.00829 0.49557 -0.86853
vn -0.00843 0.495 -0.86885
vn -0.00815 0.49511 -0.86879
vn -0.01453 0.99989 0.00423
vn -0.79069 0.61221 0.0037
vn -0.01453 0.99989 0.00423
vn -0.79069 0.6122 0.0037
vn -0.78916 0.6141 -0.01046
vn -0.78913 0.61397 0.01777
vn -0.99992 -0.01235 0.00099
vn -0.99992 -0.01235 0.00099
vn -0.99992 -0.01235 0.00099
vn -0.99992 -0.01235 0.00099
vn 0.02284 -0.99973 -0.00424
vn 0.02285 -0.99973 -0.00424
vn 0.02285 -0.99973 -0.00424
vn 0.02284 -0.99973 -0.00424
vn 0.83281 0.55356 0.00147
vn 0.95831 0.28572 0.00021
vn 0.83281 0.55356 0.00147
vn 0.9584 0.28543 0.00017
vn 0.99893 -0.04626 -0.00123
vn 0.99894 -0.04591 -0.00125
vn 0.99714 -0.07555 -0.00136
vn 0.99714 -0.07551 -0.00136
vn 0.99724 -0.07424 -0.00135
vn 0.99719 -0.07486 -0.00136
vn 0.67127 -0.7412 -0.004
vn 0.67127 -0.7412 -0.00403
vt 5.68521 -50.9605
vt 5.76963 -50.9752
vt 5.76963 -50.9605
vt 5.67547 -50.9752
vt 6.04799 -50.9605
vt 6.07721 -50.9752
vt 6.07721 -51.0125
vt 5.76963 -51.0125
vt 6.07721 -51.0308
vt 5.76963 -51.0308
vt 6.00641 -50.945
vt 5.99342 -50.945
vt 6.00641 -50.9622
vt 5.99192 -50.9423
vt 6.00792 -50.9423
vt 5.99992 -50.9353
vt 6.00427 -50.9335
vt 6.00607 -50.9291
vt 6.00792 -50.9248
vt 6.00599 -50.9241
vt 6.00458 -50.9214
vt 6.00427 -50.9248
vt 5.99992 -50.923
vt 5.99525 -50.9214
vt 5.99556 -50.9248
vt 5.99384 -50.9241
vt 5.99192 -50.9248
vt 5.99376 -50.9291
vt 5.99556 -50.9335
vt 5.99342 -50.9622
vt 6.03528 -51.0125
vt 5.96472 -51.0125
vt 6.02823 -51.0308
vt 6.01449 -50.9752
vt 5.98551 -50.9752
vt 5.97177 -51.0308
vt 6.00479 -50.9561
vt 6.008 -50.9464
vt 6.00479 -50.9464
vt 6.008 -50.9561
vt 6.008 -50.9617
vt 6.00479 -50.9617
vt 5.99184 -50.9561
vt 5.99505 -50.9464
vt 5.99184 -50.9464
vt 5.99505 -50.9561
vt 5.99505 -50.9617
vt 5.99184 -50.9617
vt 6.00903 -50.9605
vt 5.99097 -50.9605
vt 5.99992 -51.0786
vt 5.98994 -51.0556
vt 5.98994 -51.0786
vt 5.99992 -51.0556
vt 6.00989 -51.0786
vt 6.00989 -51.0556
vt 5.99933 -50.929
vt 6.00153 -50.9359
vt 6.0005 -50.929
vt 5.9983 -50.9359
vt 6.00771 -50.9425
vt 6.00421 -50.9335
vt 6.00641 -50.9449
vt 5.99342 -50.9449
vt 5.99212 -50.9425
vt 5.99562 -50.9335
vt 5.99212 -50.9286
vt 5.99385 -50.9292
vt 5.9941 -50.9286
vt 6.00771 -50.9286
vt 6.00599 -50.9292
vt 6.00573 -50.9286
vt 5.99491 -51.0227
vt 5.97042 -51.0023
vt 5.96866 -51.0227
vt 5.99491 -51.0023
vt 6.01301 -51.0136
vt 5.98682 -51.0136
vt 5.99992 -51.019
vt 6.01301 -50.9874
vt 6.01844 -51.0005
vt 5.98682 -50.9874
vt 5.99992 -50.982
vt 5.9814 -51.0005
vt 6.32453 -50.9906
vt 6.26467 -50.9906
vt 6.32453 -50.9999
vt 6.26467 -50.9999
vt 6.32453 -51.0093
vt 6.26467 -51.0093
vt 5.70685 -51.0046
vt 5.71408 -51.0046
vt 5.71408 -50.9953
vt 5.70685 -50.9953
vt 6.02593 -51.0077
vt 6.01839 -51.0057
vt 6.01839 -51.0077
vt 6.02593 -51.0057
vt 6.02593 -50.9921
vt 6.01839 -50.9921
vt 6.02593 -50.9941
vt 6.01839 -50.9941
vt 6.02149 -51.0005
vt 6.02267 -51.0005
vt 6.02267 -50.9993
vt 6.02149 -50.9993
vt 5.70685 -51.0079
vt 5.71408 -51.0079
vt 6.01839 -50.9999
vt 6.02593 -50.9956
vt 6.01839 -50.9956
vt 6.02593 -50.9999
vt 6.02593 -51.0042
vt 6.01839 -51.0042
vt 5.71408 -50.9919
vt 5.70685 -50.9919
vt 5.70685 -50.9999
vt 5.71408 -50.9999
vt 5.70685 -50.9956
vt 5.71408 -50.9956
vt 5.70685 -51.0043
vt 5.71408 -51.0043
vt 6.01029 -50.995
vt 6.02974 -50.995
vt 6.02974 -50.9918
vt 6.01029 -50.9918
vt 6.02974 -51.008
vt 6.01029 -51.0048
vt 6.01029 -51.008
vt 6.02974 -51.0048
vt 5.73438 -51.0048
vt 5.7214 -51.0048
vt 5.73438 -51.008
vt 5.7214 -51.008
vt 5.70195 -51.008
vt 5.70195 -51.0048
vt 5.73438 -50.9918
vt 5.7214 -50.9918
vt 5.73438 -50.995
vt 5.7214 -50.995
vt 5.70195 -50.995
vt 5.70195 -50.9918
vt 6.25897 -51.01
vt 6.07118 -50.9999
vt 6.07118 -51.01
vt 6.25897 -50.9999
vt 6.07118 -50.9898
vt 6.25897 -50.9898
vt 6.25647 -50.9999
vt 6.32453 -50.9868
vt 6.25647 -50.9868
vt 6.25647 -51.013
vt 6.32453 -51.013
vt 5.9973 -50.9918
vt 5.9973 -50.995
vt 5.9973 -51.0048
vt 5.9973 -51.008
vt 6.04799 -51.009
vt 6.07721 -51.0145
vt 6.07721 -50.9855
vt 6.04799 -50.991
vt 5.76963 -50.991
vt 5.76963 -51.009
vt 5.68521 -50.991
vt 5.68521 -51.009
vt 6.04589 -50.9949
vt 5.82311 -50.9687
vt 5.82311 -50.9949
vt 6.04589 -50.9687
vt 6.08217 -51.0314
vt 5.9995 -50.9686
vt 5.9995 -51.0314
vt 6.08217 -50.9686
vt 5.73533 -51.0098
vt 5.67547 -51.0005
vt 5.67547 -51.0098
vt 5.73533 -51.0005
vt 5.67547 -50.9911
vt 5.73533 -50.9911
vt 5.98161 -50.9335
vt 5.97407 -50.9292
vt 5.97407 -50.9335
vt 5.98161 -50.9292
vt 5.97407 -50.9286
vt 5.98161 -50.9286
vt 6.0005 -51.0308
vt 5.93406 -51.0572
vt 6.0005 -51.0572
vt 5.91783 -51.0308
vt 5.92279 -51.0125
vt 5.95411 -51.0227
vt 5.95411 -51.0125
vt 5.95411 -51.0023
vt 5.92279 -51.0308
vt 5.92279 -50.9752
vt 6.17689 -51.0023
vt 6.23037 -50.9752
vt 5.95201 -50.9605
vt 6.23037 -50.9605
vt 6.31479 -50.9605
vt 6.32453 -50.9752
vt 6.23037 -51.0125
vt 6.17689 -51.0227
vt 6.23037 -51.0308
vt 6.17689 -51.0125
vt 6.28592 -50.9335
vt 6.29315 -50.9335
vt 6.29315 -50.9291
vt 6.28592 -50.9291
vt 5.98971 -50.9464
vt 5.96377 -50.9617
vt 6.0027 -50.9617
vt 6.0027 -50.9561
vt 5.97026 -50.9464
vt 5.96377 -50.9561
vt 6.30454 -50.9617
vt 6.29805 -50.9464
vt 6.2786 -50.9464
vt 6.26562 -50.9617
vt 6.30454 -50.9561
vt 6.26562 -50.9561
vt 6.29315 -50.9423
vt 6.29315 -50.9248
vt 6.28592 -50.9423
vt 6.28592 -50.9248
vt 6.28592 -50.945
vt 6.28592 -50.9622
vt 6.29315 -50.9622
vt 6.29315 -50.945
vt 5.97733 -50.929
vt 5.9763 -50.9359
vt 5.97954 -50.9359
vt 5.97851 -50.929
vt 5.92882 -50.9904
vt 5.74103 -50.9904
vt 5.92882 -51.0005
vt 5.74103 -51.0005
vt 5.92882 -51.0106
vt 5.74103 -51.0106
vt 5.67547 -51.0136
vt 5.74353 -51.0136
vt 5.74353 -51.0005
vt 5.74353 -50.9874
vt 5.67547 -50.9874
vt 5.97407 -50.9449
vt 5.97407 -50.9622
vt 5.98161 -50.9622
vt 5.98161 -50.9449
vt 5.98161 -50.9425
vt 5.97407 -50.9425
vt 5.96146 -51.0556
vt 5.96146 -51.0786
vt 5.97143 -51.0786
vt 5.97143 -51.0556
vt 5.98141 -51.0786
vt 5.98141 -51.0556
vt 6.00008 -50.982
vt 6.00944 -50.9911
vt 6.01318 -50.9874
vt 6.00008 -50.9872
vt 5.99073 -50.9911
vt 5.98699 -50.9874
vt 5.98685 -51.0005
vt 5.98156 -51.0005
vt 5.98699 -51.0136
vt 5.99073 -51.0098
vt 6.00008 -51.019
vt 6.01318 -51.0136
vt 6.00944 -51.0098
vt 6.00008 -51.0137
vt 6.01332 -51.0005
vt 6.0186 -51.0005
vt 5.96864 -51.0572
vt 6.03136 -51.0308
vt 5.96864 -51.0308
vt 6.03136 -51.0572
vt 6.00495 -50.9561
vt 6.00495 -50.9617
vt 6.00816 -50.9617
vt 6.00816 -50.9561
vt 5.992 -50.9561
vt 5.992 -50.9617
vt 5.99521 -50.9617
vt 5.99521 -50.9561
vt 6.00816 -50.9464
vt 6.00495 -50.9464
vt 5.99521 -50.9464
vt 5.992 -50.9464
vt 5.9995 -50.929
vt 5.99847 -50.9359
vt 6.0017 -50.9359
vt 6.00067 -50.929
vt 5.99359 -50.9449
vt 6.00008 -50.9353
vt 5.99229 -50.9425
vt 6.00658 -50.9449
vt 5.99359 -50.9622
vt 6.00658 -50.9622
vt 6.00788 -50.9425
vt 6.00438 -50.9335
vt 6.00788 -50.9286
vt 6.00615 -50.9292
vt 6.0059 -50.9286
vt 5.99579 -50.9335
vt 5.99229 -50.9286
vt 5.99401 -50.9292
vt 5.99427 -50.9286
vt 6.00008 -51.0556
vt 6.01006 -51.0786
vt 6.01006 -51.0556
vt 6.00008 -51.0786
vt 5.99011 -51.0556
vt 5.99011 -51.0786
vt 6.00509 -51.0227
vt 6.02958 -51.0023
vt 6.00509 -51.0023
vt 6.03134 -51.0227
vt 5.99359 -50.945
vt 6.00658 -50.945
vt 5.99208 -50.9423
vt 6.00808 -50.9423
vt 5.99573 -50.9335
vt 5.99393 -50.9291
vt 5.99208 -50.9248
vt 5.99401 -50.9241
vt 5.99542 -50.9214
vt 6.00475 -50.9214
vt 6.00008 -50.923
vt 5.99573 -50.9248
vt 6.00444 -50.9248
vt 6.00624 -50.9291
vt 6.00616 -50.9241
vt 6.00808 -50.9248
vt 6.00444 -50.9335
vt 5.67547 -50.9906
vt 5.73533 -50.9999
vt 5.73533 -50.9906
vt 5.67547 -50.9999
vt 5.73533 -51.0093
vt 5.67547 -51.0093
vt 6.32453 -51.0145
vt 6.23037 -50.9855
vt 6.23037 -51.0145
vt 6.32453 -50.9855
vt 5.93406 -51.0314
vt 6.0005 -51.0314
vt 5.93406 -50.9686
vt 6.0005 -50.9686
vt 6.23037 -50.9718
vt 5.92279 -50.9718
vt 6.23037 -51.0282
vt 5.92279 -51.0282
vt 5.95411 -50.9949
vt 6.17689 -50.9949
vt 6.17689 -50.9704
vt 5.95411 -50.9704
vt 5.74103 -51.01
vt 5.92882 -51.01
vt 5.74103 -50.9999
vt 5.92882 -50.9999
vt 5.74103 -50.9898
vt 5.92882 -50.9898
vt 5.74353 -50.9868
vt 5.67547 -50.9868
vt 5.74353 -50.9999
vt 5.67547 -51.013
vt 5.74353 -51.013
vt 6.29315 -51.0064
vt 6.29315 -50.9934
vt 6.28592 -51.0064
vt 6.28592 -50.9934
vt 5.97407 -51.0064
vt 5.98161 -50.9934
vt 5.97407 -50.9934
vt 5.98161 -51.0064
vt 6.28592 -50.9999
vt 6.29315 -50.9999
vt 6.29315 -50.9956
vt 6.28592 -50.9956
vt 6.28592 -51.0043
vt 6.29315 -51.0043
vt 6.26467 -50.9911
vt 6.32453 -51.0005
vt 6.32453 -50.9911
vt 6.26467 -51.0005
vt 6.32453 -51.0098
vt 6.26467 -51.0098
vt 6.01839 -50.9292
vt 6.02593 -50.9335
vt 6.02593 -50.9292
vt 6.01839 -50.9286
vt 6.01839 -50.9335
vt 6.02593 -50.9286
vt 5.9995 -51.0572
vt 6.06594 -51.0572
vt 5.9995 -51.0308
vt 6.08217 -51.0308
vt 5.70685 -50.9291
vt 5.71408 -50.9335
vt 5.71408 -50.9291
vt 5.70685 -50.9335
vt 5.9973 -50.9617
vt 6.01029 -50.9464
vt 5.9973 -50.9561
vt 6.03623 -50.9617
vt 6.02974 -50.9464
vt 6.03623 -50.9561
vt 5.70195 -50.9464
vt 5.69546 -50.9617
vt 5.7214 -50.9464
vt 5.69546 -50.9561
vt 5.73438 -50.9617
vt 5.73438 -50.9561
vt 5.70685 -50.9248
vt 5.70685 -50.9423
vt 5.71408 -50.9248
vt 5.71408 -50.9423
vt 5.70685 -50.945
vt 5.71408 -50.9622
vt 5.71408 -50.945
vt 5.70685 -50.9622
vt 6.0237 -50.9359
vt 6.02149 -50.929
vt 6.02046 -50.9359
vt 6.02267 -50.929
vt 6.25897 -50.9904
vt 6.07118 -50.9904
vt 6.25897 -51.0005
vt 6.07118 -51.0005
vt 6.25897 -51.0106
vt 6.07118 -51.0106
vt 6.25647 -51.0136
vt 6.32453 -51.0136
vt 6.25647 -51.0005
vt 6.32453 -50.9874
vt 6.25647 -50.9874
vt 6.02593 -50.9622
vt 6.01839 -50.9449
vt 6.01839 -50.9622
vt 6.02593 -50.9449
vt 6.02593 -50.9425
vt 6.01839 -50.9425
vt 6.02857 -51.0556
vt 6.03854 -51.0786
vt 6.03854 -51.0556
vt 6.02857 -51.0786
vt 6.01859 -51.0556
vt 6.01859 -51.0786
vt 24.0171 -30.883
vt 23.9572 -30.9234
vt 24.0428 -30.9234
vt 23.9829 -30.883
vt 23.9658 -30.9424
vt 24.0342 -30.9424
vt 23.9658 -31.0885
vt 24.0342 -31.0885
vt 23.9658 -31.1029
vt 24.0342 -31.1029
vt 23.9658 -31.117
vt 24.0342 -31.117
vt 24.025 -31.0171
vt 24.025 -30.9829
vt 24.0023 -31.0171
vt 24.0023 -30.9829
vt 24.0019 -31.117
vt 23.9811 -31.1029
vt 23.9792 -31.117
vt 24.0039 -31.1029
vt 23.9818 -31.0885
vt 24.0045 -31.0885
vt 24.0023 -30.9424
vt 24.025 -30.9424
vt 24.025 -30.9234
vt 24.0023 -30.9234
vt 23.9977 -30.883
vt 23.975 -30.883
vt 24.0019 -31.0342
vt 24.0019 -30.9658
vt 23.9792 -31.0342
vt 23.9792 -30.9658
vt 24.0189 -31.1029
vt 23.9981 -31.117
vt 24.0208 -31.117
vt 23.9961 -31.1029
vt 24.0182 -31.0885
vt 23.9955 -31.0885
vt 23.9977 -30.9424
vt 23.975 -30.9424
vt 23.9977 -30.9234
vt 23.975 -30.9234
vt 24.0023 -30.883
vt 24.025 -30.883
vt 5.96727 -10.9513
vt 6.03273 -10.9448
vt 5.96727 -10.9448
vt 6.03273 -10.9513
vt 5.96727 -10.9578
vt 6.03273 -10.9578
vt 5.96727 -10.9708
vt 6.03273 -10.9643
vt 5.96727 -10.9643
vt 6.03273 -10.9708
vt 5.96727 -10.9773
vt 6.03273 -10.9773
vt 5.96727 -11.0487
vt 6.03273 -11.0422
vt 5.96727 -11.0422
vt 6.03273 -11.0487
vt 5.96727 -11.0552
vt 6.03273 -11.0552
vt 5.91883 -11.0327
vt 5.91234 -10.9673
vt 5.91234 -11.0327
vt 5.91883 -10.9673
vt 5.90585 -10.9673
vt 5.90585 -11.0327
vt 6.09415 -11.0327
vt 6.08766 -10.9673
vt 6.08766 -11.0327
vt 6.09415 -10.9673
vt 6.08117 -10.9673
vt 6.08117 -11.0327
vt 5.92857 -11.0327
vt 5.92208 -10.9673
vt 5.92208 -11.0327
vt 5.92857 -10.9673
vt 5.91559 -10.9673
vt 5.91559 -11.0327
vt 6.07143 -11.0552
vt 6.07792 -11.0395
vt 6.06875 -11.0487
vt 6.0871 -11.0487
vt 6.07792 -11.0579
vt 6.08441 -11.0552
vt 6.08441 -11.0422
vt 6.07143 -11.0422
vt 5.90585 -10.9773
vt 5.90585 -10.9643
vt 5.90316 -10.9708
vt 5.92151 -10.9708
vt 5.91234 -10.98
vt 5.91883 -10.9773
vt 5.91234 -10.9616
vt 5.91883 -10.9643
vt 6.08117 -10.9578
vt 6.08766 -10.9421
vt 6.07849 -10.9513
vt 6.09415 -10.9578
vt 6.08766 -10.9605
vt 6.09684 -10.9513
vt 6.09415 -10.9448
vt 6.08117 -10.9448
vt 6.07792 -11.0327
vt 6.07143 -10.9673
vt 6.07143 -11.0327
vt 6.07792 -10.9673
vt 6.08441 -11.0327
vt 6.08441 -10.9673
vt 5.9129 -11.0487
vt 5.92208 -11.0395
vt 5.91559 -11.0422
vt 5.92857 -11.0552
vt 5.92208 -11.0579
vt 5.91559 -11.0552
vt 5.93125 -11.0487
vt 5.92857 -11.0422
vt 6.07849 -10.9708
vt 6.08766 -10.9616
vt 6.08117 -10.9643
vt 6.09415 -10.9643
vt 6.09415 -10.9773
vt 6.08766 -10.98
vt 6.08117 -10.9773
vt 6.09684 -10.9708
vt 5.90316 -10.9513
vt 5.91234 -10.9421
vt 5.90585 -10.9448
vt 5.90585 -10.9578
vt 5.91883 -10.9578
vt 5.91234 -10.9605
vt 5.92151 -10.9513
vt 5.91883 -10.9448
vt 61.7796 -48.9715
vt 61.7796 -48.9572
vt 61.7747 -48.9644
vt 61.8287 -48.9572
vt 61.8287 -48.9715
vt 61.8336 -48.9644
vt 61.9969 -48.9897
vt 61.976 -48.9897
vt 61.9969 -49.0101
vt 61.9743 -49.0101
vt 61.9709 -48.9999
vt 61.9858 -48.9572
vt 62.0179 -48.9644
vt 62.0142 -48.9572
vt 61.9821 -48.9644
vt 61.9784 -48.9715
vt 62.0216 -48.9715
vt 62.1059 -49.0142
vt 62.155 -49.0142
vt 62.155 -48.9858
vt 62.1059 -48.9858
vt 62.1713 -49.0142
vt 62.2204 -49.0142
vt 62.2204 -48.9858
vt 62.1713 -48.9858
vt 62.0347 -48.9969
vt 62.2575 -48.9969
vt 62.2575 -48.976
vt 62.0347 -48.976
vt 62.2575 -48.9704
vt 62.1321 -48.9704
vt 62.2575 -48.9908
vt 62.1321 -48.9908
vt 62.0236 -48.9704
vt 61.964 -48.9908
vt 62.036 -48.9908
vt 61.9764 -48.9704
vt 62.0333 -49.0224
vt 61.9667 -49.0224
vt 62.0333 -49.0428
vt 61.9667 -49.0428
vt 61.7425 -49.0236
vt 61.8679 -49.0236
vt 61.8679 -48.9764
vt 61.7425 -48.9764
vt 61.8397 -49.0333
vt 61.8969 -49.0333
vt 61.8969 -48.9667
vt 61.8397 -48.9667
vt 62.1603 -49.0224
vt 62.1031 -49.0224
vt 62.1603 -49.0428
vt 62.1031 -49.0428
vt 62.1031 -49.0333
vt 62.1603 -49.0333
vt 62.1603 -48.9667
vt 62.1031 -48.9667
vt 62.1321 -49.036
vt 62.2575 -49.036
vt 62.2575 -48.964
vt 62.1321 -48.964
vt 61.8397 -49.0224
vt 61.8969 -49.0428
vt 61.8969 -49.0224
vt 61.8397 -49.0428
vt 61.7425 -48.9704
vt 61.8679 -48.9908
vt 61.8679 -48.9704
vt 61.7425 -48.9908
vt 61.845 -48.9715
vt 61.8941 -48.9572
vt 61.845 -48.9572
vt 61.8401 -48.9644
vt 61.8941 -48.9715
vt 61.899 -48.9644
vt 62.0031 -49.0101
vt 62.024 -48.9897
vt 62.0031 -48.9897
vt 62.0257 -49.0101
vt 62.0291 -48.9999
vt 61.7425 -48.9969
vt 61.9653 -48.9969
vt 61.9653 -48.9743
vt 61.7425 -48.9743
vt 61.845 -49.0216
vt 61.8941 -49.0216
vt 61.8941 -48.9784
vt 61.845 -48.9784
vt 61.7796 -49.0216
vt 61.8287 -49.0216
vt 61.8287 -48.9784
vt 61.7796 -48.9784
vt 62.155 -48.9572
vt 62.155 -48.9715
vt 62.1599 -48.9644
vt 62.1059 -48.9715
vt 62.1059 -48.9572
vt 62.101 -48.9644
vt 62.2204 -48.9572
vt 62.2204 -48.9715
vt 62.2253 -48.9644
vt 62.1713 -48.9715
vt 62.1713 -48.9572
vt 62.1664 -48.9644
vt 36.2919 -2.96864
vt 36.101 -2.96864
vt 36.2919 -3.03136
vt 36.101 -3.03136
vt 35.9686 -2.93002
vt 36.0314 -2.93002
vt 35.9843 -2.87277
vt 36.0157 -2.87277
vt 36.0392 -2.91174
vt 35.9608 -2.91174
vt 35.7081 -2.96864
vt 35.7081 -3.03136
vt 35.7314 -3.03136
vt 35.7314 -2.96864
vt 35.9686 -3.07078
vt 36.0314 -3.07078
vt 35.9686 -3.08466
vt 36.0314 -3.08466
vt 35.9686 -3.09829
vt 36.0314 -3.09829
usemtl mat1
f 209/150/209 210/151/210 211/152/211
f 210/151/210 209/150/209 212/153/212
f 210/151/210 213/154/213 211/152/211
f 213/154/213 210/151/210 214/155/214
f 214/155/214 210/151/210 215/156/215
f 216/157/216 215/156/215 210/151/210
f 215/156/215 216/157/216 217/158/217
f 218/159/218 217/158/217 216/157/216
f 219/160/219 220/161/220 221/162/221
f 219/160/219 222/163/222 220/161/220
f 222/163/222 219/160/219 223/164/223
f 223/164/223 224/165/224 222/163/222
f 224/165/224 223/164/223 225/166/225
f 223/164/223 226/167/226 225/166/225
f 223/164/223 227/168/227 226/167/226
f 228/169/228 226/167/226 227/168/227
f 227/168/227 229/170/229 228/169/228
f 230/171/230 229/170/229 231/172/231
f 229/170/229 232/173/232 231/172/231
f 229/170/229 230/171/230 228/169/228
f 226/167/226 228/169/228 230/171/230
f 233/174/233 232/173/232 234/175/234
f 232/173/232 235/176/235 234/175/234
f 232/173/232 233/174/233 231/172/231
f 234/175/234 236/177/236 233/174/233
f 236/177/236 222/163/222 237/178/237
f 222/163/222 236/177/236 235/176/235
f 236/177/236 234/175/234 235/176/235
f 222/163/222 224/165/224 237/178/237
f 221/162/221 220/161/220 238/179/238
f 239/180/239 240/181/240 241/182/241
f 242/183/242 240/181/240 239/180/239
f 240/181/240 242/183/242 243/184/243
f 241/182/241 240/181/240 244/185/244
f 245/186/245 246/187/246 247/188/247
f 246/187/246 245/186/245 248/189/248
f 245/186/245 249/190/249 248/189/248
f 249/190/249 245/186/245 250/191/250
f 251/192/251 252/193/252 253/194/253
f 252/193/252 251/192/251 254/195/254
f 251/192/251 255/196/255 254/195/254
f 255/196/255 251/192/251 256/197/256
f 257/184/257 258/198/258 259/199/259
f 258/198/258 257/184/257 260/183/260
f 261/192/261 262/196/262 263/195/263
f 262/196/262 261/192/261 264/197/264
f 265/186/265 266/190/266 267/189/267
f 266/190/266 265/186/265 268/191/268
f 269/200/269 270/201/270 271/202/271
f 270/201/270 269/200/269 272/203/272
f 273/204/273 272/203/272 269/200/269
f 272/203/272 273/204/273 274/205/274
f 275/206/275 276/207/276 277/208/277
f 276/207/276 275/206/275 278/209/278
f 279/165/279 280/210/280 281/211/281
f 280/210/280 279/165/279 282/212/282
f 282/212/282 279/165/279 283/213/283
f 283/213/283 279/165/279 284/214/284
f 284/214/284 279/165/279 285/215/285
f 285/215/285 286/216/286 284/214/284
f 286/216/286 285/215/285 287/217/287
f 288/218/288 286/216/286 287/217/287
f 282/212/282 283/213/283 289/162/289
f 289/162/289 283/213/283 290/179/290
f 291/219/291 281/211/281 280/210/280
f 281/211/281 291/219/291 292/220/292
f 291/219/291 293/221/293 292/220/292
f 294/222/294 295/223/295 296/224/296
f 295/223/295 294/222/294 297/225/297
f 296/224/296 295/223/295 298/181/298
f 299/226/299 300/227/300 301/228/301
f 300/227/300 299/226/299 302/229/302
f 302/229/302 299/226/299 303/230/303
f 302/229/302 304/231/304 300/227/300
f 304/231/304 302/229/302 305/232/305
f 300/227/300 304/231/304 306/233/306
f 307/234/307 308/235/308 309/236/309
f 310/237/310 309/236/309 308/235/308
f 309/236/309 310/237/310 311/238/311
f 312/239/312 311/238/311 310/237/310
f 313/240/313 314/241/314 315/242/315
f 313/240/313 315/242/315 316/243/316
f 317/244/317 318/245/318 319/246/319
f 318/245/318 317/244/317 320/247/320
f 321/248/321 322/249/322 323/250/323
f 324/251/324 323/250/323 322/249/322
f 325/252/325 326/253/326 327/254/327
f 325/252/325 327/254/327 328/255/328
f 329/256/329 330/257/330 331/241/331
f 329/256/329 331/241/331 332/240/332
f 333/258/333 334/259/334 335/260/335
f 334/259/334 333/258/333 336/261/336
f 336/261/336 333/258/333 337/262/337
f 338/263/338 337/262/337 333/258/333
f 339/243/339 340/242/340 341/264/341
f 339/243/339 341/264/341 342/265/342
f 343/266/343 344/267/344 345/268/345
f 344/267/344 346/269/346 345/268/345
f 347/270/347 348/271/348 349/266/349
f 348/271/348 350/267/350 349/266/349
f 351/272/351 352/273/352 353/274/353
f 351/272/351 353/274/353 354/275/354
f 355/276/355 356/277/356 357/278/357
f 356/277/356 355/276/355 358/279/358
f 359/280/359 360/281/360 361/282/361
f 362/283/362 361/282/361 360/281/360
f 360/281/360 363/284/363 362/283/362
f 363/284/363 360/281/360 364/285/364
f 365/286/365 366/287/366 367/288/367
f 368/289/368 367/288/367 366/287/366
f 366/287/366 369/290/369 368/289/368
f 369/290/369 366/287/366 370/291/370
f 371/292/371 372/293/372 373/294/373
f 372/293/372 371/292/371 374/295/374
f 374/295/374 375/296/375 372/293/372
f 375/296/375 374/295/374 376/297/376
f 377/298/377 378/299/378 379/300/379
f 378/299/378 377/298/377 380/236/380
f 381/301/381 380/236/380 377/298/377
f 380/236/380 381/301/381 382/302/382
f 383/272/383 384/303/384 385/304/385
f 384/303/384 383/272/383 386/275/386
f 387/278/387 388/305/388 389/306/389
f 388/305/388 387/278/387 390/277/390
f 391/307/391 392/308/392 393/309/393
f 391/307/391 393/309/393 394/310/394
f 395/311/395 391/307/391 394/310/394
f 391/307/391 395/311/395 396/312/396
f 395/311/395 397/313/397 396/312/396
f 398/314/398 396/312/396 397/313/397
f 399/315/399 400/316/400 401/317/401
f 400/316/400 399/315/399 402/318/402
f 403/319/403 404/320/404 405/321/405
f 404/320/404 403/319/403 406/322/406
f 407/323/407 408/324/408 409/325/409
f 408/324/408 407/323/407 410/326/410
f 410/326/410 411/327/411 408/324/408
f 411/327/411 410/326/410 412/328/412
f 413/329/413 414/330/414 415/331/415
f 414/330/414 413/329/413 416/332/416
f 416/332/416 417/333/417 414/330/414
f 417/333/417 416/332/416 418/334/418
f 419/335/419 420/336/420 421/337/421
f 420/336/420 419/335/419 422/338/422
f 423/339/423 424/340/424 425/341/425
f 426/342/426 423/339/423 425/341/425
f 424/340/424 423/339/423 427/343/427
f 423/339/423 426/342/426 428/344/428
f 429/345/429 428/344/428 426/342/426
f 428/344/428 429/345/429 430/346/430
f 428/344/428 430/346/430 431/347/431
f 432/348/432 431/347/431 430/346/430
f 430/346/430 433/349/433 432/348/432
f 433/349/433 430/346/430 434/350/434
f 435/351/435 430/346/430 429/345/429
f 435/351/435 436/352/436 437/353/437
f 436/352/436 435/351/435 438/354/438
f 435/351/435 429/345/429 438/354/438
f 427/343/427 436/352/436 424/340/424
f 436/352/436 427/343/427 437/353/437
f 439/355/439 440/356/440 441/357/441
f 439/355/439 441/357/441 442/358/442
f 443/359/443 444/360/444 445/361/445
f 443/359/443 445/361/445 446/362/446
f 447/363/447 444/360/444 443/359/443
f 444/360/444 447/363/447 448/364/448
f 449/365/449 450/366/450 451/367/451
f 451/367/451 452/368/452 449/365/449
f 450/366/450 449/365/449 453/369/453
f 452/368/452 451/367/451 454/370/454
f 455/371/455 456/372/456 457/373/457
f 457/373/457 456/372/456 458/374/458
f 459/375/459 460/376/460 461/377/461
f 461/377/461 462/378/462 459/375/459
f 463/379/463 464/380/464 465/381/465
f 465/381/465 466/382/466 463/379/463
f 467/383/467 468/384/468 469/385/469
f 470/386/470 469/385/469 468/384/468
f 469/385/469 470/386/470 471/387/471
f 472/388/472 471/387/471 470/386/470
f 473/389/473 474/390/474 475/391/475
f 473/389/473 475/391/475 476/324/476
f 476/324/476 475/391/475 477/392/477
f 476/324/476 477/392/477 478/393/478
f 479/359/479 480/360/480 481/361/481
f 479/359/479 481/361/481 482/362/482
f 483/363/483 480/360/480 479/359/479
f 480/360/480 483/363/483 484/364/484
f 485/365/485 486/366/486 487/367/487
f 487/367/487 488/368/488 485/365/485
f 486/366/486 485/365/485 489/369/489
f 488/368/488 487/367/487 490/370/490
f 491/375/491 492/378/492 493/371/493
f 491/375/491 493/371/493 494/373/494
f 495/394/495 496/395/496 497/396/497
f 497/396/497 498/397/498 495/394/495
f 495/394/495 498/397/498 499/398/499
f 495/394/495 499/398/499 500/399/500
f 499/398/499 501/334/501 500/399/500
f 500/399/500 501/334/501 502/333/502
f 503/357/503 504/374/504 505/358/505
f 504/374/504 503/357/503 506/372/506
f 507/400/507 508/401/508 509/402/509
f 509/402/509 510/403/510 507/400/507
f 510/403/510 509/402/509 511/404/511
f 511/404/511 512/405/512 510/403/510
f 513/406/513 514/407/514 515/408/515
f 514/407/514 513/406/513 516/409/516
f 513/406/513 517/410/517 516/409/516
f 513/406/513 518/411/518 517/410/517
f 519/412/519 517/410/517 518/411/518
f 518/411/518 520/413/520 519/412/519
f 521/414/521 519/412/519 520/413/520
f 519/412/519 521/414/521 522/415/522
f 523/416/523 522/415/522 521/414/521
f 523/416/523 524/417/524 525/418/525
f 523/416/523 525/418/525 526/419/526
f 522/415/522 523/416/523 526/419/526
f 527/420/527 524/417/524 528/421/528
f 524/417/524 527/420/527 525/418/525
f 515/408/515 527/420/527 528/421/528
f 527/420/527 515/408/515 514/407/514
f 529/407/529 530/418/530 531/420/531
f 529/407/529 532/419/532 530/418/530
f 532/419/532 529/407/529 533/409/533
f 534/410/534 532/419/532 533/409/533
f 532/419/532 534/410/534 535/415/535
f 535/415/535 534/410/534 536/412/536
f 537/422/537 538/423/538 539/424/539
f 538/423/538 537/422/537 540/425/540
f 541/426/541 542/427/542 543/428/543
f 541/426/541 543/428/543 544/429/544
f 545/430/545 546/431/546 547/432/547
f 545/430/545 547/432/547 548/433/548
f 549/429/549 550/434/550 551/426/551
f 552/435/552 551/426/551 550/434/550
f 553/433/553 554/436/554 555/430/555
f 556/437/556 555/430/555 554/436/554
f 557/438/557 558/439/558 559/440/559
f 557/438/557 559/440/559 560/441/560
f 561/442/561 562/443/562 563/444/563
f 562/443/562 561/442/561 564/445/564
f 565/446/565 564/445/564 561/442/561
f 564/445/564 565/446/565 566/447/566
f 567/448/567 562/443/562 564/445/564
f 562/443/562 567/448/567 568/449/568
f 568/449/568 567/448/567 569/450/569
f 568/449/568 569/450/569 570/451/570
f 569/450/569 571/452/571 570/451/570
f 563/444/563 562/443/562 572/453/572
f 573/454/573 563/444/563 572/453/572
f 573/454/573 572/453/572 574/455/574
f 573/454/573 574/455/574 575/456/575
f 576/430/576 577/431/577 578/432/578
f 576/430/576 578/432/578 579/433/579
f 580/426/580 581/427/581 582/428/582
f 580/426/580 582/428/582 583/429/583
f 584/184/584 585/180/585 586/183/586
f 584/184/584 587/181/587 585/180/585
f 588/185/588 585/180/585 587/181/587
f 585/180/585 588/185/588 589/182/589
f 590/457/590 591/458/591 592/459/592
f 590/457/590 593/460/593 591/458/591
f 594/461/594 593/460/593 590/457/590
f 594/461/594 595/462/595 593/460/593
f 596/463/596 597/464/597 598/465/598
f 597/464/597 596/463/596 599/466/599
f 600/180/600 597/464/597 599/466/599
f 601/467/601 602/446/602 603/447/603
f 601/467/601 603/447/603 604/468/604
f 604/468/604 605/469/605 601/467/601
f 605/469/605 604/468/604 606/470/606
f 605/469/605 606/470/606 607/443/607
f 605/469/605 607/443/607 608/471/608
f 609/472/609 605/469/605 608/471/608
f 605/469/605 609/472/609 610/473/610
f 609/472/609 611/474/611 610/473/610
f 612/475/612 610/473/610 611/474/611
f 613/476/613 612/475/612 614/477/614
f 612/475/612 615/478/615 614/477/614
f 615/478/615 612/475/612 611/474/611
f 611/474/611 609/472/609 615/478/615
f 614/477/614 616/479/616 613/476/613
f 617/480/617 618/481/618 616/479/616
f 613/476/613 616/479/616 618/481/618
f 618/481/618 617/480/617 619/482/619
f 619/482/619 613/476/613 618/481/618
f 606/470/606 619/482/619 617/480/617
f 606/470/606 617/480/617 620/483/620
f 607/443/607 606/470/606 620/483/620
f 621/484/621 622/485/622 623/486/623
f 622/485/622 621/484/621 624/487/624
f 624/487/624 625/488/625 622/485/622
f 625/488/625 624/487/624 626/489/626
f 627/490/627 628/491/628 629/492/629
f 628/491/628 627/490/627 630/493/630
f 631/494/631 632/495/632 633/496/633
f 632/495/632 634/497/634 633/496/633
f 635/498/635 636/499/636 637/500/637
f 638/501/638 637/500/637 636/499/636
f 639/502/639 640/503/640 641/504/641
f 639/502/639 641/504/641 642/505/642
f 643/506/643 644/507/644 645/508/645
f 646/509/646 645/508/645 644/507/644
f 645/508/645 646/509/646 647/510/647
f 648/511/648 647/510/647 646/509/646
f 649/487/649 650/512/650 651/513/651
f 649/487/649 652/514/652 650/512/650
f 653/515/653 652/514/652 649/487/649
f 653/515/653 654/516/654 652/514/652
f 655/517/655 656/518/656 657/519/657
f 657/519/657 656/518/656 658/520/658
f 659/521/659 660/522/660 661/523/661
f 659/521/659 662/524/662 660/522/660
f 663/525/663 664/526/664 665/527/665
f 663/525/663 665/527/665 666/528/666
f 667/529/667 668/530/668 669/526/669
f 667/529/667 669/526/669 670/525/670
f 671/531/671 672/532/672 673/533/673
f 672/532/672 671/531/671 674/534/674
f 674/534/674 675/535/675 672/532/672
f 675/535/675 674/534/674 676/536/676
f 677/537/677 678/538/678 679/539/679
f 679/539/679 680/540/680 677/537/677
f 678/538/678 677/537/677 681/541/681
f 680/540/680 679/539/679 682/542/682
f 683/543/683 684/544/684 685/545/685
f 686/546/686 685/545/685 684/544/684
f 687/547/687 688/548/688 689/549/689
f 688/548/688 687/547/687 690/550/690
f 691/551/691 692/552/692 693/553/693
f 692/552/692 691/551/691 694/554/694
f 692/552/692 694/554/694 695/555/695
f 695/555/695 694/554/694 696/556/696
f 697/557/697 698/558/698 699/559/699
f 698/558/698 697/557/697 700/560/700
f 699/559/699 698/558/698 701/561/701
f 699/559/699 701/561/701 702/562/702
f 703/563/703 704/564/704 705/565/705
f 705/565/705 704/564/704 706/566/706
f 707/567/707 708/568/708 709/569/709
f 708/568/708 707/567/707 710/570/710
f 711/571/711 712/572/712 713/573/713
f 712/572/712 711/571/711 714/574/714
f 715/575/715 716/576/716 717/577/717
f 718/578/718 717/577/717 716/576/716
f 717/577/717 718/578/718 719/579/719
f 720/580/720 719/579/719 718/578/718
f 721/532/721 722/581/722 723/582/723
f 721/532/721 724/583/724 722/581/722
f 725/584/725 724/583/724 721/532/721
f 725/584/725 726/585/726 724/583/724
f 727/551/727 728/552/728 729/553/729
f 728/552/728 727/551/727 730/554/730
f 728/552/728 730/554/730 731/555/731
f 731/555/731 730/554/730 732/556/732
f 733/557/733 734/558/734 735/559/735
f 734/558/734 733/557/733 736/560/736
f 735/559/735 734/558/734 737/561/737
f 735/559/735 737/561/737 738/562/738
f 739/566/739 740/564/740 741/567/741
f 739/566/739 741/567/741 742/569/742
f 743/563/743 744/549/744 745/565/745
f 744/549/744 743/563/743 746/547/746
f 747/586/747 748/587/748 749/588/749
f 748/587/748 747/586/747 750/589/750
f 751/590/751 748/587/748 750/589/750
f 751/590/751 752/591/752 748/587/748
f 753/542/753 752/591/752 751/590/751
f 754/540/754 752/591/752 753/542/753
f 755/592/755 756/593/756 757/594/757
f 756/593/756 755/592/755 758/595/758
f 759/596/759 758/595/758 755/592/755
f 758/595/758 759/596/759 760/597/760
f 761/598/761 762/599/762 763/600/763
f 762/599/762 761/598/761 764/601/764
f 763/600/763 762/599/762 765/602/765
f 765/602/765 766/603/766 763/600/763
f 765/602/765 767/604/767 766/603/766
f 768/605/768 766/603/766 767/604/767
f 768/605/768 767/604/767 769/606/769
f 769/606/769 770/607/770 768/605/768
f 770/607/770 769/606/769 771/608/771
f 771/608/771 772/609/772 770/607/770
f 773/610/773 774/611/774 775/612/775
f 775/612/775 774/611/774 776/613/776
f 777/614/777 778/615/778 779/616/779
f 778/615/778 777/614/777 780/617/780
f 780/617/780 781/618/781 778/615/778
f 781/618/781 780/617/780 782/619/782
f 782/619/782 783/620/783 781/618/781
f 783/620/783 782/619/782 784/621/784
f 783/620/783 784/621/784 785/622/785
f 783/620/783 785/622/785 786/623/786
f 785/622/785 787/624/787 786/623/786
f 788/625/788 786/623/786 787/624/787
f 789/601/789 790/600/790 791/598/791
f 790/600/790 789/601/789 792/599/792
f 790/600/790 792/599/792 793/603/793
f 793/603/793 792/599/792 794/602/794
f 794/602/794 795/605/795 793/603/793
f 794/602/794 796/604/796 795/605/795
f 796/604/796 797/607/797 795/605/795
f 797/607/797 796/604/796 798/606/798
f 798/606/798 799/609/799 797/607/797
f 800/608/800 799/609/799 798/606/798
f 801/626/801 802/627/802 803/628/803
f 803/628/803 802/627/802 804/629/804
f 805/630/805 806/631/806 807/632/807
f 805/630/805 808/633/808 806/631/806
f 809/634/809 808/633/808 805/630/805
f 809/634/809 810/635/810 808/633/808
f 810/635/810 809/634/809 811/636/811
f 812/637/812 810/635/810 811/636/811
f 813/638/813 812/637/812 811/636/811
f 813/638/813 814/639/814 812/637/812
f 813/638/813 815/640/815 814/639/814
f 815/640/815 813/638/813 816/641/816
f 817/642/817 818/643/818 819/644/819
f 818/643/818 817/642/817 820/645/820
f 821/646/821 820/645/820 817/642/817
f 820/645/820 821/646/821 822/647/822
f 823/648/823 824/649/824 825/650/825
f 824/649/824 823/648/823 826/651/826
f 827/652/827 826/651/826 823/648/823
f 826/651/826 827/652/827 828/653/828
f 829/654/829 830/655/830 831/656/831
f 830/655/830 829/654/829 832/657/832
f 833/658/833 832/657/832 829/654/829
f 832/657/832 833/658/833 834/659/834
f 835/660/835 836/661/836 837/662/837
f 836/661/836 835/660/835 838/663/838
f 839/664/839 837/662/837 836/661/836
f 837/662/837 839/664/839 840/665/840
f 841/666/841 842/667/842 843/668/843
f 842/667/842 841/666/841 844/669/844
f 845/670/845 843/668/843 842/667/842
f 843/668/843 845/670/845 846/671/846
f 847/672/847 848/673/848 849/674/849
f 848/673/848 847/672/847 850/675/850
f 851/676/851 849/674/849 848/673/848
f 849/674/849 851/676/851 852/677/852
f 853/678/853 854/679/854 855/680/855
f 853/678/853 856/681/856 854/679/854
f 857/682/857 856/681/856 853/678/853
f 856/681/856 857/682/857 858/683/858
f 854/679/854 856/681/856 859/684/859
f 855/680/855 854/679/854 860/685/860
f 861/686/861 862/687/862 863/688/863
f 861/686/861 864/689/864 862/687/862
f 865/690/865 864/689/864 861/686/861
f 864/689/864 865/690/865 866/691/866
f 862/687/862 864/689/864 867/692/867
f 867/692/867 864/689/864 868/693/868
f 869/694/869 870/695/870 871/696/871
f 870/695/870 869/694/869 872/697/872
f 872/697/872 869/694/869 873/698/873
f 870/695/870 872/697/872 874/699/874
f 870/695/870 874/699/874 875/700/875
f 871/696/871 870/695/870 876/701/876
f 877/642/877 878/643/878 879/644/879
f 878/643/878 877/642/877 880/645/880
f 881/646/881 880/645/880 877/642/877
f 880/645/880 881/646/881 882/647/882
f 883/648/883 884/649/884 885/650/885
f 884/649/884 883/648/883 886/651/886
f 887/652/887 886/651/886 883/648/883
f 886/651/886 887/652/887 888/653/888
f 889/654/889 890/655/890 891/656/891
f 890/655/890 889/654/889 892/657/892
f 893/658/893 892/657/892 889/654/889
f 892/657/892 893/658/893 894/659/894
f 895/668/895 896/670/896 897/671/897
f 896/670/896 895/668/895 898/667/898
f 898/667/898 899/666/899 900/669/900
f 899/666/899 898/667/898 895/668/895
f 901/662/901 902/664/902 903/665/903
f 902/664/902 901/662/901 904/661/904
f 904/661/904 905/660/905 906/663/906
f 905/660/905 904/661/904 901/662/901
f 907/702/907 908/703/908 909/704/909
f 908/703/908 907/702/907 910/705/910
f 910/705/910 911/706/911 912/707/912
f 911/706/911 910/705/910 907/702/907
f 913/708/913 914/709/914 915/710/915
f 913/708/913 916/711/916 914/709/914
f 916/711/916 913/708/913 917/712/917
f 917/712/917 913/708/913 918/713/918
f 919/714/919 914/709/914 916/711/916
f 914/709/914 919/714/919 920/715/920
f 921/716/921 922/717/922 923/718/923
f 922/717/922 921/716/921 924/719/924
f 921/716/921 925/720/925 924/719/924
f 925/720/925 921/716/921 926/721/926
f 926/721/926 921/716/921 927/722/927
f 924/719/924 925/720/925 928/723/928
f 929/724/929 930/725/930 931/726/931
f 932/727/932 930/725/930 929/724/929
f 933/728/933 930/725/930 932/727/932
f 933/728/933 932/727/932 934/729/934
f 935/730/935 930/725/930 933/728/933
f 930/725/930 935/730/935 936/731/936
usemtl mat2
f 937/732/937 938/733/938 939/734/939
f 937/732/937 940/735/940 938/733/938
f 941/736/941 940/735/940 937/732/937
f 940/735/940 941/736/941 942/737/942
f 943/738/943 944/739/944 945/740/945
f 944/739/944 946/741/946 945/740/945
f 946/741/946 944/739/944 947/742/947
f 948/743/948 949/744/949 950/745/950
f 951/746/951 949/744/949 948/743/948
f 952/744/952 953/747/953 954/748/954
f 953/747/953 952/744/952 955/746/955
f 956/743/956 957/744/957 958/745/958
f 959/746/959 957/744/957 956/743/956
f 960/744/960 961/747/961 962/748/962
f 961/747/961 960/744/960 963/746/963
f 964/749/964 965/750/965 966/751/966
f 964/749/964 966/751/966 967/752/967
f 968/753/968 969/754/969 970/755/970
f 968/753/968 970/755/970 971/756/971
f 972/757/972 973/758/973 974/759/974
f 972/757/972 974/759/974 975/760/975
f 976/761/976 977/762/977 978/763/978
f 979/764/979 978/763/978 977/762/977
f 980/765/980 981/766/981 982/767/982
f 981/766/981 980/765/980 983/768/983
f 984/769/984 985/770/985 986/771/986
f 986/771/986 985/770/985 987/772/987
f 988/773/988 989/774/989 990/775/990
f 988/773/988 990/775/990 991/776/991
f 992/777/992 993/778/993 994/779/994
f 992/777/992 994/779/994 995/780/995
f 996/781/996 997/782/997 998/783/998
f 999/784/999 998/783/998 997/782/997
f 1000/772/1000 1001/771/1001 1002/770/1002
f 1002/770/1002 1001/771/1001 1003/769/1003
f 1004/785/1004 1005/786/1005 1006/787/1006
f 1004/785/1004 1006/787/1006 1007/788/1007
f 1008/789/1008 1009/790/1009 1010/791/1010
f 1008/789/1008 1010/791/1010 1011/792/1011
f 1012/793/1012 1013/794/1013 1014/795/1014
f 1013/794/1013 1012/793/1012 1015/796/1015
f 1016/797/1016 1017/798/1017 1018/799/1018
f 1017/798/1017 1016/797/1016 1019/800/1019
f 1020/801/1020 1021/802/1021 1022/803/1022
f 1020/801/1020 1022/803/1022 1023/804/1023
f 1024/805/1024 1021/802/1021 1020/801/1020
f 1021/802/1021 1024/805/1024 1025/806/1025
f 1026/807/1026 1027/808/1027 1028/809/1028
f 1027/808/1027 1026/807/1026 1029/810/1029
f 1027/808/1027 1029/810/1029 1030/811/1030
f 1031/746/1031 1032/745/1032 1033/743/1033
f 1032/745/1032 1031/746/1031 1034/744/1034
f 1035/747/1035 1036/748/1036 1037/746/1037
f 1037/746/1037 1036/748/1036 1038/744/1038
f 1039/746/1039 1040/745/1040 1041/743/1041
f 1040/745/1040 1039/746/1039 1042/744/1042
f 1043/747/1043 1044/748/1044 1045/746/1045
f 1045/746/1045 1044/748/1044 1046/744/1046
f 1047/766/1047 1048/765/1048 1049/768/1049
f 1048/765/1048 1047/766/1047 1050/767/1050
f 1051/812/1051 1052/813/1052 1053/814/1053
f 1051/812/1051 1053/814/1053 1054/815/1054
f 1055/816/1055 1056/817/1056 1057/818/1057
f 1055/816/1055 1057/818/1057 1058/819/1058
f 1059/820/1059 1060/821/1060 1061/822/1061
f 1059/820/1059 1061/822/1061 1062/823/1062
f 1063/824/1063 1064/825/1064 1065/826/1065
f 1064/825/1064 1063/824/1063 1066/827/1066
f 1063/824/1063 1067/828/1067 1066/827/1066
f 1066/827/1066 1067/828/1067 1068/829/1068
f 1069/830/1069 1070/831/1070 1071/832/1071
f 1070/831/1070 1069/830/1069 1072/833/1072
f 1069/830/1069 1073/834/1073 1072/833/1072
f 1072/833/1072 1073/834/1073 1074/835/1074
usemtl mat3
f 1075/836/1075 1076/837/1076 1077/838/1077
f 1078/839/1078 1077/838/1077 1076/837/1076
f 1079/840/1079 1080/841/1080 1081/842/1081
f 1080/841/1080 1082/843/1082 1081/842/1081
f 1082/843/1082 1080/841/1080 1083/844/1083
f 1079/840/1079 1081/842/1081 1084/845/1084
f 1085/846/1085 1086/847/1086 1087/848/1087
f 1087/848/1087 1088/849/1088 1085/846/1085
f 1089/842/1089 1090/844/1090 1091/843/1091
f 1092/845/1092 1090/844/1090 1089/842/1089
f 1090/844/1090 1092/845/1092 1093/840/1093
f 1093/840/1093 1094/841/1094 1090/844/1090
f 1093/840/1093 1095/850/1095 1094/841/1094
f 1096/851/1096 1094/841/1094 1095/850/1095
f 1096/851/1096 1095/850/1095 1097/852/1097
f 1097/852/1097 1098/853/1098 1096/851/1096
f 1098/853/1098 1097/852/1097 1099/854/1099
f 1099/854/1099 1100/855/1100 1098/853/1098
# Vertices: 892, normals: 892, texture coordinates: 706, faces: 594

o obj3
v -0.08323032 0.21521732 -0.12879637
v -0.08196045 0.1359317 0.17308362
v -0.08232848 0.13729677 -0.19183069
v -0.08298866 0.21432114 0.11073305
v -0.42366382 0.01155128 -0.17811933
v -0.42332363 0.01028947 0.15922068
v -0.4226988 -0.06660365 -0.17846125
v -0.42235863 -0.06786553 0.15887903
v -1.89824772 0.03638797 0.00849698
v -1.89910603 0.11414634 0.11482032
v -1.89921308 0.11454297 0.00883891
v -1.89813256 0.03596047 0.12279728
v -1.89859748 0.07497457 0.14004157
v -1.78699398 0.21340653 -0.09735002
v -1.769835 0.24040535 0.06527227
v -1.76997995 0.24094301 -0.07844478
v -1.78681111 0.21272829 0.08398391
v -1.76934242 0.18637541 -0.11629964
v -1.76912165 0.1855568 0.10264847
v -1.78699398 0.21340653 -0.09735002
v -1.78681111 0.21272829 0.08398391
v -1.55621481 0.21676239 -0.09765443
v -1.5390563 0.24376091 0.0649679
v -1.53920126 0.2442984 -0.07874936
v -1.55603218 0.21608403 0.08367953
v -1.53856373 0.18973127 -0.11660399
v -1.53834295 0.18891236 0.10234394
v -1.55621481 0.21676239 -0.09765443
v -1.55603218 0.21608403 0.08367953
v -0.62449092 -0.06953771 -0.17819479
v -0.4226988 -0.06660365 -0.17846125
v -0.42235863 -0.06786553 0.15887903
v -0.62415075 -0.07079978 0.15914522
v -0.42366382 0.01155128 -0.17811933
v -0.62449092 -0.06953771 -0.17819479
v -0.62545592 0.00861704 -0.17785296
v -0.4226988 -0.06660365 -0.17846125
v -0.08323032 0.21521732 -0.12879637
v -0.52468681 0.1308648 -0.19124711
v -0.52558863 0.20878515 -0.12821275
v -0.08232848 0.13729677 -0.19183069
v -0.42332363 0.01028947 0.15922068
v -0.62511575 0.00735527 0.15948716
v -0.42235863 -0.06786553 0.15887903
v -0.62415075 -0.07079978 0.15914522
v -1.53920126 0.2442984 -0.07874936
v -1.53856373 0.18973127 -0.11660399
v -1.55621481 0.21676239 -0.09765443
v -1.36523438 0.19225112 -0.11683291
v -1.36587191 0.24681854 -0.07897803
v -1.34822035 0.21978623 -0.097929
v -1.76997995 0.24094301 -0.07844478
v -1.76934242 0.18637541 -0.11629964
v -1.78699398 0.21340653 -0.09735002
v -1.59601283 0.18889591 -0.11652833
v -1.59665036 0.24346295 -0.07867351
v -1.57899904 0.21643105 -0.09762444
v -1.36587191 0.24681854 -0.07897803
v -1.53920126 0.2442984 -0.07874936
v -1.5390563 0.24376091 0.0649679
v -1.36572671 0.24628106 0.06473903
v -1.59665036 0.24346295 -0.07867351
v -1.76997995 0.24094301 -0.07844478
v -1.769835 0.24040535 0.06527227
v -1.5965054 0.24292549 0.06504355
v -1.11318564 0.12597167 0.00780167
v -1.11307883 0.12557533 0.1137832
v -1.11222076 0.04781661 0.00745987
v -1.11210537 0.04738881 0.12176003
v -1.11257076 0.08640298 0.13900447
v -1.89824772 0.03638797 0.00849698
v -1.11222076 0.04781661 0.00745987
v -1.11210537 0.04738881 0.12176003
v -1.89813256 0.03596047 0.12279728
v -0.08298866 0.21432114 0.11073305
v -0.52534705 0.20788944 0.11131681
v -0.08196045 0.1359317 0.17308362
v -0.52431881 0.12949982 0.17366739
v -1.53834295 0.18891236 0.10234394
v -1.36572671 0.24628106 0.06473903
v -1.5390563 0.24376091 0.0649679
v -1.55603218 0.21608403 0.08367953
v -1.36501336 0.19143221 0.10211524
v -1.34803748 0.21910846 0.08340494
v -1.76912165 0.1855568 0.10264847
v -1.5965054 0.24292549 0.06504355
v -1.769835 0.24040535 0.06527227
v -1.78681111 0.21272829 0.08398391
v -1.59579206 0.18807673 0.10241993
v -1.57881618 0.21575269 0.08370948
v -1.11307883 0.12557533 0.1137832
v -1.89910603 0.11414634 0.11482032
v -1.11257076 0.08640298 0.13900447
v -1.89859748 0.07497457 0.14004157
v -1.11210537 0.04738881 0.12176003
v -1.89813256 0.03596047 0.12279728
v -0.08323032 0.21521732 -0.12879637
v -0.52558863 0.20878515 -0.12821275
v -0.52534705 0.20788944 0.11131681
v -0.08298866 0.21432114 0.11073305
v -0.52468681 0.1308648 -0.19124711
v -0.08232848 0.13729677 -0.19183069
v -0.08196045 0.1359317 0.17308362
v -0.52431881 0.12949982 0.17366739
v -1.11318564 0.12597167 0.00780167
v -1.89824772 0.03638797 0.00849698
v -1.89921308 0.11454297 0.00883891
v -1.11222076 0.04781661 0.00745987
v -1.11318564 0.12597167 0.00780167
v -1.89921308 0.11454297 0.00883891
v -1.89910603 0.11414634 0.11482032
v -1.11307883 0.12557533 0.1137832
v -1.53856373 0.18973127 -0.11660399
v -1.36523438 0.19225112 -0.11683291
v -1.36501336 0.19143221 0.10211524
v -1.53834295 0.18891236 0.10234394
v -1.76934242 0.18637541 -0.11629964
v -1.59601283 0.18889591 -0.11652833
v -1.59579206 0.18807673 0.10241993
v -1.76912165 0.1855568 0.10264847
v -1.36572671 0.24628106 0.06473903
v -1.34822035 0.21978623 -0.097929
v -1.36587191 0.24681854 -0.07897803
v -1.34803748 0.21910846 0.08340494
v -0.42366382 0.01155128 -0.17811933
v -0.62545592 0.00861704 -0.17785296
v -0.62511575 0.00735527 0.15948716
v -0.42332363 0.01028947 0.15922068
v -1.34822035 0.21978623 -0.097929
v -1.36501336 0.19143221 0.10211524
v -1.36523438 0.19225112 -0.11683291
v -1.34803748 0.21910846 0.08340494
v -1.5965054 0.24292549 0.06504355
v -1.57899904 0.21643105 -0.09762444
v -1.59665036 0.24346295 -0.07867351
v -1.57881618 0.21575269 0.08370948
v -1.57899904 0.21643105 -0.09762444
v -1.59579206 0.18807673 0.10241993
v -1.59601283 0.18889591 -0.11652833
v -1.57881618 0.21575269 0.08370948
v -0.62449092 -0.06953771 -0.17819479
v -0.62415075 -0.07079978 0.15914522
v -0.62545592 0.00861704 -0.17785296
v -0.62511575 0.00735527 0.15948716
v -0.52468681 0.1308648 -0.19124711
v -0.52534705 0.20788944 0.11131681
v -0.52558863 0.20878515 -0.12821275
v -0.52431881 0.12949982 0.17366739
vn 0.99992 0.01235 -0.00096
vn 0.99992 0.01235 -0.00096
vn 0.99992 0.01235 -0.00096
vn 0.99992 0.01235 -0.00096
vn 0.99992 0.01235 -0.00096
vn 0.99992 0.01235 -0.00096
vn 0.99992 0.01235 -0.00096
vn 0.99992 0.01235 -0.00096
vn -0.99992 -0.01235 0.00096
vn -0.99992 -0.01235 0.00097
vn -0.99992 -0.01235 0.00096
vn -0.99992 -0.01235 0.00097
vn -0.99992 -0.01235 0.00098
vn -0.85157 0.52423 0.00282
vn -0.85157 0.52423 0.00282
vn -0.85157 0.52423 0.00282
vn -0.85157 0.52423 0.00282
vn -0.83768 -0.54617 -0.0012
vn -0.83767 -0.54617 -0.0012
vn -0.83768 -0.54617 -0.0012
vn -0.83767 -0.54617 -0.0012
vn -0.85157 0.52423 0.00282
vn -0.85157 0.52423 0.00282
vn -0.85157 0.52423 0.00282
vn -0.85157 0.52423 0.00282
vn -0.83768 -0.54616 -0.0012
vn -0.83768 -0.54616 -0.0012
vn -0.83768 -0.54616 -0.0012
vn -0.83768 -0.54616 -0.0012
vn 0.01453 -0.99989 -0.00376
vn 0.01453 -0.99989 -0.00375
vn 0.01453 -0.99989 -0.00376
vn 0.01453 -0.99989 -0.00376
vn -0.00138 0.00436 -0.99999
vn -0.00138 0.00436 -0.99999
vn -0.00138 0.00436 -0.99999
vn -0.00138 0.00436 -0.99999
vn -0.01017 0.62883 -0.77748
vn -0.01017 0.62883 -0.77748
vn -0.01017 0.62883 -0.77748
vn -0.01017 0.62883 -0.77748
vn 0.00138 -0.00435 0.99999
vn 0.00138 -0.00436 0.99999
vn 0.00138 -0.00436 0.99999
vn 0.00138 -0.00436 0.99999
vn -0.00937 0.5699 -0.82166
vn -0.00937 0.5699 -0.82166
vn -0.00935 0.5699 -0.82166
vn -0.00937 0.5699 -0.82166
vn -0.00937 0.5699 -0.82166
vn -0.00938 0.5699 -0.82166
vn -0.00937 0.5699 -0.82166
vn -0.00937 0.5699 -0.82166
vn -0.00936 0.5699 -0.82166
vn -0.00937 0.5699 -0.82166
vn -0.00937 0.5699 -0.82166
vn -0.00939 0.5699 -0.82166
vn -0.01453 0.99989 0.00375
vn -0.01453 0.99989 0.00375
vn -0.01453 0.99989 0.00375
vn -0.01453 0.99989 0.00375
vn -0.01453 0.99989 0.00375
vn -0.01453 0.99989 0.00376
vn -0.01453 0.99989 0.00375
vn -0.01453 0.99989 0.00375
vn 0.99992 0.01235 -0.00096
vn 0.99992 0.01235 -0.00096
vn 0.99992 0.01235 -0.00096
vn 0.99992 0.01235 -0.00096
vn 0.99992 0.01235 -0.00096
vn 0.01453 -0.99989 -0.00375
vn 0.01453 -0.99989 -0.00376
vn 0.01453 -0.99989 -0.00376
vn 0.01453 -0.99989 -0.00375
vn -0.00802 0.62241 0.78265
vn -0.00802 0.62241 0.78265
vn -0.00802 0.62241 0.78265
vn -0.00802 0.62241 0.78265
vn -0.00709 0.56305 0.82639
vn -0.0071 0.56305 0.8264
vn -0.00709 0.56305 0.82639
vn -0.00708 0.56305 0.82639
vn -0.0071 0.56305 0.8264
vn -0.00712 0.56304 0.8264
vn -0.00709 0.56305 0.82639
vn -0.0071 0.56305 0.82639
vn -0.00709 0.56305 0.82639
vn -0.00709 0.56305 0.82639
vn -0.0071 0.56305 0.82639
vn -0.00711 0.56305 0.82639
vn -0.00676 0.54128 0.84082
vn -0.00676 0.54128 0.84081
vn 3E-05 0.09001 0.99594
vn 6E-05 0.08867 0.99606
vn 0.00708 -0.40419 0.91465
vn 0.00708 -0.40419 0.91465
vn -0.01453 0.99989 0.00376
vn -0.01453 0.99989 0.00375
vn -0.01453 0.99989 0.00375
vn -0.01453 0.99989 0.00376
vn 0.01453 -0.99989 -0.00375
vn 0.01453 -0.99989 -0.00375
vn 0.01453 -0.99989 -0.00375
vn 0.01453 -0.99989 -0.00375
vn -0.00138 0.00436 -0.99999
vn -0.00138 0.00436 -0.99999
vn -0.00138 0.00436 -0.99999
vn -0.00138 0.00436 -0.99999
vn -0.01453 0.99989 0.00375
vn -0.01453 0.99989 0.00376
vn -0.01453 0.99989 0.00376
vn -0.01453 0.99989 0.00375
vn 0.01453 -0.99989 -0.00375
vn 0.01453 -0.99989 -0.00375
vn 0.01453 -0.99989 -0.00375
vn 0.01453 -0.99989 -0.00375
vn 0.01453 -0.99989 -0.00375
vn 0.01454 -0.99989 -0.00376
vn 0.01453 -0.99989 -0.00375
vn 0.01453 -0.99989 -0.00375
vn 0.83769 0.54615 0.0012
vn 0.83769 0.54615 0.0012
vn 0.83768 0.54615 0.0012
vn 0.83769 0.54615 0.0012
vn -0.01453 0.99989 0.00375
vn -0.01453 0.99989 0.00375
vn -0.01453 0.99989 0.00375
vn -0.01453 0.99989 0.00375
vn 0.85156 -0.52424 -0.00282
vn 0.85157 -0.52424 -0.00282
vn 0.85156 -0.52425 -0.00282
vn 0.85157 -0.52424 -0.00282
vn 0.83769 0.54615 0.0012
vn 0.83769 0.54615 0.0012
vn 0.83769 0.54615 0.0012
vn 0.83769 0.54615 0.0012
vn 0.85156 -0.52424 -0.00282
vn 0.85157 -0.52424 -0.00282
vn 0.85156 -0.52424 -0.00282
vn 0.85157 -0.52423 -0.00282
vn -0.99992 -0.01235 0.00096
vn -0.99992 -0.01235 0.00096
vn -0.99992 -0.01235 0.00096
vn -0.99992 -0.01235 0.00096
vn -0.99992 -0.01235 0.00096
vn -0.99992 -0.01235 0.00096
vn -0.99992 -0.01235 0.00096
vn -0.99992 -0.01235 0.00096
vt 0 0
usemtl mat4
f 1101/856/1101 1102/856/1102 1103/856/1103
f 1102/856/1102 1101/856/1101 1104/856/1104
f 1105/856/1105 1106/856/1106 1107/856/1107
f 1107/856/1107 1106/856/1106 1108/856/1108
f 1109/856/1109 1110/856/1110 1111/856/1111
f 1110/856/1110 1109/856/1109 1112/856/1112
f 1110/856/1110 1112/856/1112 1113/856/1113
f 1114/856/1114 1115/856/1115 1116/856/1116
f 1115/856/1115 1114/856/1114 1117/856/1117
f 1118/856/1118 1119/856/1119 1120/856/1120
f 1120/856/1120 1119/856/1119 1121/856/1121
f 1122/856/1122 1123/856/1123 1124/856/1124
f 1123/856/1123 1122/856/1122 1125/856/1125
f 1126/856/1126 1127/856/1127 1128/856/1128
f 1128/856/1128 1127/856/1127 1129/856/1129
f 1130/856/1130 1131/856/1131 1132/856/1132
f 1130/856/1130 1132/856/1132 1133/856/1133
f 1134/856/1134 1135/856/1135 1136/856/1136
f 1135/856/1135 1134/856/1134 1137/856/1137
f 1138/856/1138 1139/856/1139 1140/856/1140
f 1139/856/1139 1138/856/1138 1141/856/1141
f 1142/856/1142 1143/856/1143 1144/856/1144
f 1145/856/1145 1144/856/1144 1143/856/1143
f 1146/856/1146 1147/856/1147 1148/856/1148
f 1147/856/1147 1146/856/1146 1149/856/1149
f 1146/856/1146 1150/856/1150 1149/856/1149
f 1149/856/1149 1150/856/1150 1151/856/1151
f 1152/856/1152 1153/856/1153 1154/856/1154
f 1153/856/1153 1152/856/1152 1155/856/1155
f 1152/856/1152 1156/856/1156 1155/856/1155
f 1155/856/1155 1156/856/1156 1157/856/1157
f 1158/856/1158 1159/856/1159 1160/856/1160
f 1158/856/1158 1160/856/1160 1161/856/1161
f 1162/856/1162 1163/856/1163 1164/856/1164
f 1162/856/1162 1164/856/1164 1165/856/1165
f 1166/856/1166 1167/856/1167 1168/856/1168
f 1167/856/1167 1169/856/1169 1168/856/1168
f 1169/856/1169 1167/856/1167 1170/856/1170
f 1171/856/1171 1172/856/1172 1173/856/1173
f 1171/856/1171 1173/856/1173 1174/856/1174
f 1175/856/1175 1176/856/1176 1177/856/1177
f 1178/856/1178 1177/856/1177 1176/856/1176
f 1179/856/1179 1180/856/1180 1181/856/1181
f 1179/856/1179 1181/856/1181 1182/856/1182
f 1183/856/1183 1180/856/1180 1179/856/1179
f 1180/856/1180 1183/856/1183 1184/856/1184
f 1185/856/1185 1186/856/1186 1187/856/1187
f 1185/856/1185 1187/856/1187 1188/856/1188
f 1189/856/1189 1186/856/1186 1185/856/1185
f 1186/856/1186 1189/856/1189 1190/856/1190
f 1191/856/1191 1192/856/1192 1193/856/1193
f 1194/856/1194 1193/856/1193 1192/856/1192
f 1193/856/1193 1194/856/1194 1195/856/1195
f 1196/856/1196 1195/856/1195 1194/856/1194
f 1197/856/1197 1198/856/1198 1199/856/1199
f 1197/856/1197 1199/856/1199 1200/856/1200
f 1201/856/1201 1202/856/1202 1203/856/1203
f 1201/856/1201 1203/856/1203 1204/856/1204
f 1205/856/1205 1206/856/1206 1207/856/1207
f 1206/856/1206 1205/856/1205 1208/856/1208
f 1209/856/1209 1210/856/1210 1211/856/1211
f 1209/856/1209 1211/856/1211 1212/856/1212
f 1213/856/1213 1214/856/1214 1215/856/1215
f 1213/856/1213 1215/856/1215 1216/856/1216
f 1217/856/1217 1218/856/1218 1219/856/1219
f 1217/856/1217 1219/856/1219 1220/856/1220
f 1221/856/1221 1222/856/1222 1223/856/1223
f 1224/856/1224 1222/856/1222 1221/856/1221
f 1225/856/1225 1226/856/1226 1227/856/1227
f 1225/856/1225 1227/856/1227 1228/856/1228
f 1229/856/1229 1230/856/1230 1231/856/1231
f 1230/856/1230 1229/856/1229 1232/856/1232
f 1233/856/1233 1234/856/1234 1235/856/1235
f 1236/856/1236 1234/856/1234 1233/856/1233
f 1237/856/1237 1238/856/1238 1239/856/1239
f 1238/856/1238 1237/856/1237 1240/856/1240
f 1241/856/1241 1242/856/1242 1243/856/1243
f 1243/856/1243 1242/856/1242 1244/856/1244
f 1245/856/1245 1246/856/1246 1247/856/1247
f 1246/856/1246 1245/856/1245 1248/856/1248
# Vertices: 148, normals: 148, texture coordinates: 1, faces: 80

